generic_id,indication_id
1,2
1,3
1,212
1,510
1,511
1,512
1,513
1,806
1,1057
1,1148
1,1516
1,1520
1,1859
4,13
5,1329
5,1471
6,17
6,19
6,35
6,569
6,818
6,1190
6,1785
6,2203
6,2220
7,17
7,19
7,20
7,21
7,35
7,562
7,569
7,2203
8,22
8,23
8,24
8,25
8,83
8,87
8,1366
8,1803
8,2088
9,26
10,1
10,27
10,28
10,30
10,31
10,32
10,33
10,1206
12,38
12,39
12,40
12,41
12,760
12,766
12,772
12,1907
12,2083
13,42
13,43
13,44
14,46
14,47
14,48
14,293
14,317
14,527
14,759
14,1481
14,1912
14,2117
15,49
15,2035
16,50
16,680
17,51
17,52
18,51
19,51
20,293
20,2048
20,2194
22,55
22,56
23,57
24,22
24,58
24,60
24,62
24,158
24,429
24,432
24,677
24,687
24,1039
24,1318
25,63
25,508
26,64
26,65
26,66
26,67
26,68
26,150
27,69
27,169
28,70
28,71
28,72
28,73
28,74
28,75
28,76
28,77
28,78
28,992
28,993
28,994
28,1355
28,1379
28,1443
28,1445
28,1727
28,1728
29,79
29,81
29,479
29,709
29,1782
30,79
30,81
30,479
31,82
32,83
32,1366
34,23
34,83
34,84
34,85
34,86
34,87
34,88
34,89
34,91
34,92
34,825
35,93
35,1048
35,1755
36,95
36,96
36,97
36,799
36,803
37,37
37,271
37,1844
37,1948
38,169
38,246
38,485
38,714
38,737
38,783
38,788
38,791
38,868
38,1325
38,1482
38,1492
38,1710
38,1821
38,2223
39,104
39,1801
40,105
40,106
40,107
40,109
40,110
40,116
40,117
40,118
40,933
40,934
40,1022
40,1306
40,1369
40,1430
40,1681
40,1794
40,1795
41,105
41,107
41,111
41,112
41,933
41,1022
41,1306
41,1430
41,1681
41,1786
41,1794
42,105
42,107
42,110
42,111
42,113
42,114
42,116
42,117
42,933
42,934
42,1022
42,1429
43,105
43,107
43,111
43,112
43,116
43,117
43,118
43,119
43,933
44,107
44,111
44,116
44,117
44,118
44,933
44,934
44,1022
44,1369
44,1429
45,105
45,107
45,110
45,111
45,113
45,114
45,116
45,117
45,933
45,934
45,1022
45,1429
46,35
46,121
46,122
46,340
46,468
46,970
46,990
46,1306
46,1504
46,1796
46,1877
47,47
47,125
47,126
47,1010
47,1712
47,1900
48,129
48,130
48,374
48,471
48,1464
51,1
51,131
51,132
51,133
51,134
51,135
51,138
51,139
51,140
51,141
51,142
51,143
51,178
51,215
51,217
51,395
51,596
51,599
51,602
51,616
51,1025
51,1218
51,1489
51,2147
51,2167
52,83
52,89
52,144
52,145
52,500
52,1211
52,1217
53,146
54,146
54,147
54,148
54,149
55,64
55,150
55,151
55,152
55,153
55,154
55,155
55,156
55,157
55,2142
56,61
56,158
56,162
56,472
56,928
56,1206
56,1869
56,1886
57,163
57,164
57,165
57,166
57,167
57,168
57,272
57,1494
57,2248
57,2249
58,35
58,37
58,169
58,170
58,171
58,225
58,271
58,570
58,786
58,866
58,868
58,990
58,1022
58,1043
58,1046
58,1136
58,1180
58,1187
58,1710
58,1948
58,2136
58,2223
58,2252
58,2253
59,1747
60,83
60,174
60,803
60,1366
60,1643
60,1829
60,1875
60,2254
61,83
61,176
61,1366
61,1643
61,1875
61,2254
62,83
62,177
62,276
62,803
62,1366
62,1643
62,1875
62,2254
63,83
63,1366
64,83
64,1366
65,83
65,1366
66,83
66,1366
71,30
71,130
71,178
71,179
71,180
71,181
71,182
71,183
71,184
71,185
71,186
71,187
71,188
71,189
71,191
71,216
71,217
71,304
71,305
71,313
71,319
71,321
71,362
71,366
71,374
71,391
71,394
71,593
71,594
71,600
71,613
71,626
71,651
71,669
71,823
71,983
71,987
71,1036
71,1145
71,1499
71,1504
71,1540
71,1597
71,1764
71,2046
71,2145
71,2148
72,114
72,116
72,117
72,197
72,1835
73,114
73,116
73,117
73,197
73,1835
74,31
74,130
74,178
74,180
74,181
74,182
74,187
74,197
74,199
74,202
74,206
74,217
74,321
74,334
74,391
74,593
74,596
74,599
74,600
74,615
74,823
74,983
74,985
74,1036
74,1384
74,1540
74,1764
74,1767
74,1858
74,1941
74,2145
74,2147
74,2148
83,178
83,179
83,180
83,181
83,182
83,183
83,184
83,185
83,187
83,188
83,189
83,191
83,197
83,304
83,1036
89,71
89,141
89,182
89,207
89,208
89,209
89,210
89,211
89,212
89,213
89,214
89,304
89,992
89,1149
89,1150
89,1151
89,1159
89,1235
89,1678
89,1930
89,1932
89,2236
90,31
90,141
90,143
90,178
90,182
90,189
90,199
90,203
90,215
90,216
90,217
90,218
90,304
90,321
90,362
90,392
90,410
90,613
90,647
90,649
90,940
90,1025
90,1036
90,1085
90,1504
90,1541
90,1601
90,1878
90,1879
90,1914
90,2046
90,2092
90,2145
90,2148
90,2167
99,220
99,1998
99,2008
99,2033
99,2095
100,222
100,641
102,222
102,223
102,225
102,226
102,227
102,228
102,641
102,1817
103,229
103,230
103,285
103,349
106,69
106,169
106,233
106,234
106,235
106,236
106,1184
106,2223
107,237
107,238
107,239
108,237
108,239
108,2091
109,237
109,238
109,239
110,1396
112,241
112,420
113,241
113,420
114,241
114,420
115,241
116,146
116,956
116,963
116,1634
116,2251
117,241
117,244
117,245
117,1978
118,241
118,244
118,245
118,246
118,248
118,250
118,251
118,254
118,418
118,479
118,1067
121,241
123,241
123,243
123,420
123,462
123,2240
124,241
124,2182
125,241
125,264
126,241
128,241
128,255
128,581
130,241
130,581
133,257
133,1769
134,36
134,37
134,121
134,174
134,260
134,261
134,262
134,273
134,557
134,572
134,740
134,798
134,803
134,860
134,1013
134,1098
134,1301
134,1356
134,1643
134,1875
134,2121
134,2212
135,174
135,260
135,261
135,262
135,273
135,572
135,803
135,860
135,1013
135,1643
135,1875
136,125
136,263
136,264
136,265
136,266
136,267
136,268
136,269
137,83
137,167
137,174
137,261
137,271
137,272
137,273
137,572
137,968
137,1023
137,1643
137,1718
137,1719
137,1875
137,2254
138,83
138,1366
139,83
139,1366
139,1643
139,1875
139,2254
140,169
140,274
140,1490
140,2223
141,174
141,268
141,276
141,278
141,279
141,1023
141,1121
141,1123
141,1375
141,1608
141,1643
141,1875
142,280
142,281
142,282
143,283
143,285
143,286
143,287
143,1698
145,230
145,874
145,1158
145,1259
145,1283
145,1427
146,289
146,290
146,291
146,292
146,293
146,294
146,295
146,296
146,297
146,2255
147,51
147,299
147,300
147,301
147,1006
147,1009
148,302
148,2256
149,30
149,31
149,135
149,178
149,179
149,180
149,181
149,182
149,184
149,185
149,188
149,189
149,199
149,204
149,206
149,216
149,304
149,305
149,307
149,308
149,309
149,310
149,311
149,312
149,313
149,314
149,321
149,357
149,366
149,391
149,408
149,593
149,594
149,595
149,596
149,599
149,600
149,605
149,613
149,626
149,641
149,648
149,654
149,655
149,720
149,823
149,909
149,987
149,1036
149,1038
149,1143
149,1541
149,1580
149,1600
149,1768
149,1865
149,1886
149,2046
149,2092
149,2145
149,2264
151,229
151,316
151,317
151,318
151,1165
152,33
152,142
152,178
152,206
152,217
152,319
152,320
152,321
152,324
152,325
152,602
153,610
153,635
153,676
153,1258
153,1361
153,1629
153,1941
153,2114
154,139
154,327
154,328
154,330
154,331
154,332
154,333
154,334
154,336
154,1304
154,2114
155,337
155,379
156,337
157,35
157,338
157,339
157,340
157,341
157,557
157,562
157,564
157,691
157,869
157,933
157,968
157,979
157,1047
157,1098
157,1190
157,1256
157,1887
158,61
158,197
158,342
159,344
159,345
159,346
160,61
160,158
160,342
162,204
162,302
162,349
162,499
162,2256
165,31
165,130
165,179
165,183
165,217
165,305
165,357
165,358
165,359
165,360
165,361
165,362
165,363
165,364
165,365
165,366
165,593
165,594
165,610
165,713
165,2147
167,130
167,374
167,376
167,457
167,520
167,630
167,664
167,680
167,977
167,1396
168,130
168,374
168,520
168,630
169,130
169,374
169,520
169,630
169,977
170,337
170,379
170,727
170,1560
172,382
172,383
173,51
173,385
173,386
173,1363
173,1940
173,1995
174,51
174,299
174,300
175,51
176,388
176,389
176,1644
177,390
178,31
178,141
178,183
178,199
178,217
178,304
178,321
178,360
178,365
178,391
178,392
178,394
178,395
178,396
178,397
178,398
178,399
178,400
178,1764
179,31
179,141
179,142
179,183
179,217
179,308
179,321
179,360
179,365
179,401
179,403
179,404
179,407
179,408
179,410
179,412
179,413
179,1764
179,2147
182,229
182,303
183,229
183,316
183,380
184,244
184,415
184,416
184,417
184,418
184,419
184,479
185,241
185,420
186,174
186,265
186,421
186,422
186,423
186,854
186,1643
186,1784
186,1875
188,425
188,426
188,427
188,428
189,3
189,19
189,38
189,39
189,151
189,158
189,332
189,336
189,339
189,413
189,429
189,430
189,431
189,432
189,433
189,437
189,438
189,439
189,440
189,441
189,443
189,444
189,445
189,569
189,822
189,878
189,1073
189,1153
189,1221
189,1953
189,2203
189,2256
190,38
190,39
190,297
190,332
190,336
190,446
190,447
190,448
190,822
190,1011
191,39
191,529
192,383
192,445
192,453
192,510
192,511
192,512
192,1011
193,379
193,454
193,665
194,456
194,457
194,1003
194,1460
195,39
195,458
196,285
196,459
196,488
196,756
196,930
196,1246
196,1247
196,1560
196,1566
196,1707
196,1888
197,383
197,445
197,453
197,510
197,511
197,512
197,1011
198,38
198,39
198,332
198,336
198,356
198,375
198,446
198,447
198,822
199,38
199,39
199,151
199,332
199,336
199,356
199,446
199,447
199,822
200,285
200,459
200,756
200,930
200,1246
200,1247
200,1560
200,1707
200,1888
201,22
201,62
202,22
202,62
203,22
203,62
203,461
203,1372
203,2088
204,420
204,462
205,420
205,462
210,109
210,463
210,1434
210,2107
211,114
211,197
211,464
213,83
213,89
213,144
213,1366
213,2254
214,83
214,109
214,158
214,177
214,457
214,467
214,468
214,469
214,470
214,471
214,472
214,473
214,474
214,475
214,641
214,1206
214,1366
217,39
217,332
219,244
219,418
219,479
219,480
219,481
219,482
219,535
219,1959
219,1978
220,484
220,990
220,1789
221,22
221,62
221,461
221,1372
221,2088
222,22
222,62
222,461
222,1372
222,2088
224,485
224,1821
224,1946
225,487
225,488
225,923
225,1358
225,1566
225,1945
228,129
228,130
228,374
228,471
232,61
232,158
232,342
232,600
232,1206
232,1360
232,1886
233,61
233,158
233,600
233,1206
233,1886
235,302
235,349
235,499
235,2256
236,83
236,89
236,144
236,500
236,501
236,1366
236,1531
236,2249
238,63
238,502
238,504
238,508
238,1393
238,1396
238,1646
239,505
239,507
239,508
239,1391
239,1393
240,35
240,508
240,509
240,557
240,798
240,1542
241,246
241,485
241,783
241,788
242,471
242,944
244,510
244,511
244,512
244,513
245,125
245,494
245,495
245,514
245,515
245,516
245,517
245,518
245,1900
246,271
246,1948
247,35
247,36
247,37
247,121
247,126
247,271
247,374
247,519
247,520
247,521
247,559
247,1190
248,35
248,332
248,371
248,372
248,373
248,375
248,524
248,525
248,526
248,527
248,528
248,1011
251,79
251,244
251,415
251,416
251,531
251,533
251,697
251,1216
251,1638
252,244
252,415
252,416
252,418
252,531
252,533
252,535
252,1216
256,244
256,415
256,416
256,417
256,418
256,479
256,531
256,535
256,1959
257,1786
258,105
258,110
258,418
258,531
258,538
258,697
258,1022
258,1786
259,244
259,245
259,418
259,480
259,531
259,535
259,539
259,1959
261,105
261,110
261,111
261,418
261,531
261,538
261,1786
265,139
265,150
265,542
265,1328
265,1817
265,1951
266,2258
267,223
267,542
267,543
267,544
267,641
267,1817
267,1951
270,26
270,1215
270,1216
270,1800
271,223
271,542
271,543
271,544
271,641
271,1215
271,1817
273,26
273,545
273,1215
273,1216
274,26
274,1215
274,1216
274,1800
279,244
279,416
279,417
279,418
279,479
279,480
279,531
279,539
279,548
279,697
279,948
279,1959
279,1979
283,105
283,418
284,418
285,418
285,462
285,551
288,21
288,35
288,333
288,341
288,475
288,519
288,553
288,554
288,555
288,557
288,558
288,559
288,560
288,869
288,1047
289,21
289,35
289,333
289,341
289,475
289,553
289,554
289,555
289,557
289,558
289,559
289,560
289,869
289,1047
291,83
291,89
291,144
291,1023
291,1366
291,2249
292,83
292,89
292,144
292,1366
293,566
293,568
293,730
293,1171
293,2095
294,17
294,21
294,35
294,39
294,171
294,333
294,519
294,554
294,557
294,561
294,562
294,564
294,569
294,570
294,869
294,1047
294,1237
294,2203
295,83
295,89
295,144
295,174
295,261
295,572
295,573
295,1023
295,1366
295,1531
296,23
296,170
296,233
296,234
296,564
296,570
296,691
296,968
296,1116
296,1326
296,1380
296,1854
296,2000
297,125
298,125
298,1900
299,573
299,575
299,844
299,1334
299,1337
299,1387
299,2262
300,30
300,342
300,1886
301,243
301,551
301,579
302,579
303,581
303,1067
305,568
305,583
305,730
305,731
305,735
305,1032
305,1033
305,1919
305,1974
305,2008
305,2014
306,29
306,586
306,941
306,1246
307,587
307,588
308,83
308,89
308,144
308,261
308,572
308,589
308,1023
308,2249
308,2254
310,31
310,32
310,130
310,141
310,142
310,179
310,180
310,205
310,217
310,408
310,590
310,593
310,594
310,595
310,596
310,599
310,823
310,983
310,1025
310,1540
310,1598
310,2147
311,130
311,179
311,203
311,374
311,391
311,593
311,595
311,596
311,597
312,31
312,181
312,199
312,202
312,203
312,204
312,205
312,374
312,408
312,472
312,594
312,598
312,599
312,600
312,823
312,1540
312,1598
313,31
313,179
313,180
313,199
313,202
313,203
313,408
313,472
313,595
313,598
313,599
313,600
314,31
314,206
314,391
314,392
314,408
314,596
314,602
314,603
314,604
314,647
314,986
314,1025
314,1085
314,1678
314,2145
315,31
315,179
315,180
315,203
315,204
315,205
315,595
315,598
315,599
315,600
315,605
316,31
316,51
316,130
316,179
316,181
316,184
316,189
316,203
316,204
316,205
316,216
316,217
316,313
316,321
316,396
316,408
316,472
316,595
316,598
316,599
316,600
316,605
316,613
316,652
316,823
316,1143
316,1145
316,2147
316,2187
316,2264
318,31
318,140
318,141
318,142
318,186
318,189
318,206
318,215
318,216
318,217
318,314
318,317
318,321
318,324
318,325
318,362
318,399
318,596
318,599
318,613
318,616
318,812
318,813
318,895
318,1506
318,2092
318,2145
318,2147
318,2148
318,2167
319,31
319,138
319,140
319,206
319,307
319,314
319,319
319,321
319,324
319,325
319,395
319,610
319,611
319,616
320,203
321,31
321,130
321,179
321,180
321,181
321,199
321,204
321,206
321,320
321,321
321,408
321,472
321,595
321,596
321,599
321,600
321,823
321,1540
321,1598
322,31
322,130
322,179
322,180
322,181
322,189
322,199
322,204
322,206
322,320
322,321
322,408
322,472
322,595
322,596
322,599
322,600
322,613
323,179
323,181
323,202
323,203
323,204
323,205
323,595
323,599
323,600
323,823
324,31
324,33
324,134
324,141
324,142
324,178
324,206
324,217
324,324
324,325
324,391
324,392
324,408
324,590
324,596
324,599
324,604
324,611
324,614
324,615
324,616
324,619
324,647
324,986
324,1025
324,2147
324,2187
326,31
326,131
326,140
326,141
326,178
326,180
326,186
326,188
326,189
326,205
326,206
326,215
326,216
326,217
326,304
326,306
326,307
326,309
326,311
326,313
326,314
326,317
326,321
326,358
326,362
326,391
326,392
326,396
326,398
326,399
326,408
326,590
326,593
326,596
326,599
326,605
326,613
326,616
326,621
326,647
326,812
326,813
326,823
326,940
326,1025
326,1085
326,1145
326,1506
326,1541
326,1597
326,1879
326,1914
326,2046
326,2092
326,2100
326,2146
326,2147
326,2148
326,2167
326,2264
327,32
327,130
327,178
327,179
327,180
327,181
327,186
327,203
327,204
327,205
327,206
327,217
327,391
327,408
327,472
327,593
327,594
327,595
327,596
327,599
327,600
327,621
327,823
327,1533
327,2046
327,2145
327,2147
328,178
328,179
328,180
328,181
328,186
328,203
328,204
328,205
328,206
328,217
328,408
328,472
328,595
328,596
328,599
328,600
328,621
328,2145
330,17
330,19
330,21
330,35
330,121
330,519
330,557
330,569
330,623
330,818
330,1190
330,1356
330,1555
330,2203
332,83
332,1366
332,2254
334,31
334,179
334,202
334,205
334,206
334,304
334,305
334,366
334,391
334,407
334,596
334,599
334,616
334,626
334,985
334,1142
334,1858
336,31
336,179
336,203
336,205
336,206
336,364
336,408
336,595
336,596
336,599
336,621
336,626
336,1142
336,1145
338,628
338,629
338,630
338,667
338,1747
339,229
339,290
339,302
339,349
339,370
339,430
339,470
339,631
339,686
339,913
339,914
339,916
339,954
339,1026
339,2256
341,371
341,373
341,375
341,632
341,633
341,634
341,635
341,636
341,637
341,638
341,639
341,1941
341,2258
343,632
343,639
343,2195
343,2258
345,141
345,143
345,183
345,189
345,392
345,398
345,399
345,613
345,615
345,645
345,647
345,648
345,649
345,650
345,651
345,652
345,653
345,654
345,655
345,656
345,721
345,722
345,1038
345,1863
345,1914
345,2046
345,2092
346,229
346,316
346,379
346,1165
346,1945
347,229
347,303
347,659
347,660
347,661
347,663
347,874
347,930
347,1259
347,1486
347,1628
347,1888
347,1945
348,664
348,665
348,1560
348,1628
349,229
349,316
349,1888
349,1945
350,665
350,727
350,1560
350,1628
351,666
351,667
351,1499
352,130
352,374
353,130
353,666
353,667
353,669
353,670
353,2185
353,2195
353,2263
354,630
354,1109
354,1748
354,1810
359,237
359,239
359,672
359,673
359,822
359,1001
359,1297
359,1884
359,2203
361,371
361,375
361,633
361,634
361,638
361,671
361,678
361,679
361,680
361,681
361,682
361,1361
362,371
362,375
362,633
362,634
362,638
362,671
362,678
362,679
362,680
362,681
362,682
362,1361
363,180
363,302
363,430
363,470
363,524
363,631
363,684
363,686
363,687
363,913
363,916
363,1248
363,1464
363,2256
365,379
365,665
365,727
366,169
366,233
366,234
366,485
366,689
366,690
366,691
366,692
366,693
366,795
366,1271
366,1450
369,83
369,89
369,144
369,500
369,695
370,244
370,415
370,416
370,480
370,539
370,696
370,697
370,698
370,1959
375,3
375,17
375,35
375,39
375,462
375,551
375,558
375,800
375,1287
375,2203
375,2259
376,158
376,430
376,1360
377,33
377,134
377,140
377,182
377,189
377,202
377,203
377,217
377,319
377,321
377,391
377,408
377,593
377,596
377,599
377,613
377,616
377,621
377,940
377,1025
377,1085
377,1504
377,1678
377,1862
377,2147
378,700
378,701
379,105
379,110
379,111
379,114
379,116
379,117
379,693
379,704
379,714
379,933
379,934
379,1022
379,1429
379,1632
380,707
380,709
380,1638
383,457
383,712
383,713
383,1003
383,1252
383,1290
383,1460
384,425
384,427
384,700
384,714
384,715
384,718
384,799
385,425
385,427
385,700
385,714
385,715
385,718
385,799
386,2
386,4
386,31
386,33
386,131
386,135
386,138
386,141
386,142
386,181
386,182
386,183
386,188
386,189
386,204
386,205
386,206
386,215
386,216
386,217
386,306
386,309
386,310
386,319
386,320
386,321
386,391
386,392
386,395
386,396
386,398
386,408
386,590
386,593
386,596
386,599
386,604
386,605
386,613
386,616
386,621
386,641
386,648
386,652
386,655
386,656
386,713
386,720
386,721
386,722
386,724
386,726
386,727
386,909
386,1025
386,1089
386,1386
386,1489
386,1504
386,1540
386,1541
386,1598
386,1601
386,1879
386,1881
386,2092
386,2145
386,2146
386,2167
386,2187
386,2264
388,205
388,316
388,380
388,454
388,726
388,727
388,1560
388,1602
388,1628
388,1888
388,1945
389,205
389,316
389,380
389,454
389,727
389,923
389,1707
389,1945
390,205
390,229
390,316
390,380
390,454
390,727
390,923
390,1259
390,1628
390,1707
390,1888
390,1945
396,568
396,583
396,730
396,731
396,733
396,734
396,735
396,875
396,884
396,1031
396,1032
396,1033
396,1035
396,1073
396,1313
396,1854
396,1919
396,1974
396,1983
396,2008
396,2016
396,2133
397,169
397,234
397,246
397,737
397,786
397,1045
397,1178
397,1180
397,1324
397,1325
397,1544
397,1639
397,1710
398,22
398,125
398,265
398,400
398,740
398,742
398,799
398,1900
400,745
400,747
400,1797
403,51
403,299
403,300
403,334
403,775
403,982
403,983
403,984
403,1145
403,1858
404,755
404,1508
405,51
406,756
406,1628
406,1707
407,23
407,485
407,757
407,1699
408,39
408,296
408,297
408,332
408,448
408,458
408,529
408,530
408,759
408,760
408,762
408,1011
408,1262
409,39
409,332
409,764
410,39
410,51
410,139
410,332
410,356
410,765
410,766
410,767
410,768
410,770
410,772
410,773
410,774
410,775
410,1775
411,332
411,348
411,775
411,1011
412,220
412,493
412,776
412,778
412,779
412,1470
412,1998
412,2043
413,169
413,737
413,781
413,782
413,783
413,784
413,785
413,786
413,1180
413,1324
413,1710
413,1821
414,23
414,234
414,271
414,485
414,564
414,737
414,783
414,787
414,788
414,790
414,791
414,793
414,794
414,868
414,966
414,1045
414,1273
414,1276
414,1699
414,1710
414,1740
414,1821
415,83
415,271
415,485
415,737
415,796
415,797
415,798
415,891
415,968
415,1271
415,1366
415,1490
416,174
416,261
416,262
416,273
416,572
416,700
416,799
416,800
416,801
416,802
416,803
416,1013
416,1643
416,1875
416,2254
420,212
420,805
420,1056
420,1058
420,1235
420,1695
422,382
422,383
422,453
422,510
422,511
422,512
422,809
422,1011
422,1057
422,1518
422,1941
423,178
423,319
423,811
423,812
423,813
423,815
425,169
425,233
425,816
425,1710
425,1721
426,39
426,2156
431,17
431,22
431,83
431,169
431,339
431,462
431,818
431,819
431,821
431,822
431,823
433,551
433,696
433,1920
436,84
436,85
436,825
436,826
436,828
436,1303
436,2119
436,2239
442,244
442,382
442,492
442,524
442,585
442,796
442,832
442,833
442,834
442,835
442,836
442,838
442,839
442,840
442,891
442,1051
442,2005
442,2095
443,462
445,369
445,389
445,390
445,1644
445,2219
446,369
446,390
447,150
447,689
447,842
447,844
447,846
447,847
447,848
447,849
447,850
447,851
447,852
447,862
447,1294
449,579
449,1205
450,26
450,264
450,462
450,700
450,854
450,855
450,858
450,860
450,861
455,564
455,570
455,855
455,866
455,867
455,1043
455,1485
457,868
457,869
458,870
458,871
458,872
458,873
458,874
460,3
460,4
460,39
460,151
460,433
460,438
460,441
460,484
460,501
460,530
460,631
460,775
460,822
460,875
460,886
460,1167
460,1220
460,1480
460,1537
460,1779
460,1954
460,1966
460,2008
460,2083
460,2098
460,2115
460,2203
460,2239
461,29
461,459
461,1260
464,51
464,839
464,887
464,888
464,890
464,891
466,867
466,1520
466,1634
466,1870
467,516
467,895
467,896
467,897
467,898
467,899
467,1709
468,31
468,51
468,749
468,900
468,1303
468,1738
468,2115
468,2239
469,902
469,903
469,1136
469,1614
470,878
470,904
470,905
470,1028
470,1030
470,1315
470,1983
470,2085
472,907
472,908
473,31
473,909
473,910
474,908
474,911
474,912
475,290
475,302
475,430
475,470
475,524
475,525
475,631
475,684
475,686
475,913
475,914
475,915
475,916
475,1026
475,1039
475,1248
475,1267
475,1303
475,1464
475,2256
476,302
476,430
476,524
476,684
476,686
476,913
476,914
476,915
476,916
476,1248
476,1725
476,1808
478,2005
479,39
479,332
479,336
479,356
479,775
479,1262
484,229
484,230
484,303
484,488
484,663
484,874
484,923
484,930
484,1167
484,1486
484,1566
485,229
485,230
485,303
485,488
485,663
485,664
485,727
485,874
485,923
485,930
485,1427
485,1486
485,1707
486,229
486,230
486,303
486,318
486,663
486,874
486,1427
486,1485
486,1486
488,379
488,923
488,1888
488,1945
489,379
489,923
489,931
489,1888
489,1945
490,3
490,61
490,158
490,339
490,687
490,714
490,882
490,920
490,921
490,924
490,925
490,926
490,928
490,1419
490,1895
490,2203
491,17
491,21
491,35
491,36
491,121
491,412
491,413
491,818
491,919
491,932
491,1047
491,1190
491,1311
491,1356
491,2203
492,21
492,35
492,121
492,521
492,919
492,1047
492,1190
492,1311
492,1356
492,2203
493,933
493,934
495,801
495,935
495,936
495,937
496,801
496,935
496,936
496,937
497,142
497,801
497,935
497,936
497,937
497,938
497,939
497,940
498,29
498,941
499,29
499,941
500,935
500,936
500,937
500,938
501,471
501,473
501,559
501,913
501,916
501,944
501,1662
501,1725
502,471
502,473
502,916
502,944
504,164
504,165
504,272
504,457
504,505
504,508
504,951
504,952
504,953
504,954
504,1391
504,1393
504,1394
504,2248
505,946
505,955
505,956
505,957
505,958
505,959
506,223
506,1817
507,223
507,1817
509,947
509,961
509,962
510,946
510,947
510,948
511,946
511,947
511,948
511,963
512,946
512,947
513,223
513,1817
514,946
514,947
514,948
516,146
516,223
516,1817
517,146
517,223
517,1817
518,146
518,223
518,1817
519,146
519,223
519,1817
520,223
520,1817
521,946
521,947
521,948
522,223
522,641
522,693
522,1817
524,223
524,641
524,693
524,1352
524,1817
528,964
529,17
529,21
529,35
529,413
529,562
529,965
529,1047
529,1098
529,2203
531,235
531,425
531,485
531,508
531,690
531,757
531,783
531,791
531,869
531,966
531,968
531,1045
531,1256
531,1648
531,1710
531,1821
531,1946
532,229
532,230
532,318
534,17
534,19
534,21
534,35
534,84
534,413
534,569
534,825
534,969
534,975
534,1047
534,1356
534,1462
534,1555
534,2203
534,2220
536,17
536,19
536,21
536,35
536,121
536,229
536,271
536,303
536,413
536,519
536,553
536,557
536,562
536,569
536,672
536,825
536,869
536,969
536,970
536,971
536,975
536,977
536,978
536,1047
536,1190
536,1356
536,1462
536,1555
536,2203
536,2220
538,17
538,19
538,21
538,35
538,84
538,121
538,271
538,413
538,438
538,519
538,553
538,557
538,562
538,569
538,672
538,798
538,818
538,825
538,869
538,969
538,970
538,977
538,978
538,1047
538,1356
538,1357
538,1454
538,1462
538,1555
538,1785
538,2203
538,2220
539,17
539,21
539,413
539,869
539,979
539,1047
539,2203
540,229
540,303
540,488
540,923
540,971
540,1359
540,1566
541,17
541,519
541,557
541,818
541,979
541,1555
541,1672
541,2203
544,31
544,182
544,217
544,334
544,391
544,396
544,401
544,407
544,621
544,727
544,811
544,981
544,982
544,983
544,984
544,985
544,986
544,987
544,988
544,1145
544,1218
544,1219
544,1915
545,122
545,340
545,468
545,989
545,990
545,1306
546,78
546,991
546,992
546,993
546,994
546,1354
548,39
548,1262
549,999
549,1566
550,89
550,168
550,1000
550,1023
550,2249
551,673
551,1001
551,1884
552,56
552,83
552,166
552,272
552,440
552,1000
552,1002
552,1366
552,2248
552,2254
555,271
558,457
558,1003
558,1004
559,1005
559,1006
559,1007
559,1008
559,1009
560,225
560,302
560,430
560,431
560,432
560,470
560,527
560,528
560,677
560,686
560,715
560,916
560,966
560,1010
560,1303
560,1340
560,1450
560,1482
560,2172
560,2256
561,369
561,371
561,525
561,1011
561,2238
562,260
562,799
562,803
562,1012
562,1013
562,2247
563,109
563,1014
564,165
564,272
564,1015
564,2248
566,39
568,89
568,1016
568,2092
569,568
569,730
569,839
569,1032
569,1033
569,2008
569,2016
569,2095
570,629
570,759
570,1020
571,110
571,111
571,118
571,250
571,271
571,692
571,693
571,714
571,934
571,1021
571,1022
571,1429
571,1681
571,1900
572,265
572,422
572,689
572,1458
573,58
573,89
573,432
573,921
573,1024
573,1957
574,31
574,138
574,178
574,217
574,596
574,602
574,1025
574,2147
575,22
575,62
575,461
575,1372
575,2088
576,169
576,485
576,914
576,966
577,332
577,369
577,446
577,775
577,914
577,1026
579,51
579,184
579,185
579,186
579,191
579,203
579,209
579,299
579,307
579,311
579,312
579,313
579,314
579,321
579,363
579,365
579,600
579,605
579,615
579,648
579,654
579,655
579,656
579,666
579,669
579,713
579,720
579,721
579,722
579,724
579,909
579,983
579,984
579,1036
579,1037
579,1038
579,1089
579,1145
579,1354
579,1373
579,1386
579,1597
579,1764
579,1765
579,1863
579,1864
579,1865
579,2145
579,2264
588,524
588,684
588,913
588,916
588,966
588,1039
588,1248
589,51
589,1640
589,2005
590,121
590,122
590,340
590,468
590,970
590,990
590,1306
590,1877
591,17
591,69
591,169
591,485
591,557
591,570
591,868
591,1043
591,1044
591,1045
591,1046
591,1047
591,1136
591,1324
591,1551
592,82
594,302
594,631
594,686
594,2256
595,212
595,805
595,1056
595,1058
596,383
596,445
596,453
596,510
596,511
596,512
596,1055
596,1057
596,1889
597,212
597,383
597,453
597,510
597,511
597,512
597,1055
597,1057
598,13
598,1557
600,551
600,579
600,1067
601,551
601,581
602,581
602,1066
602,1067
603,243
603,256
603,551
603,581
603,1067
603,1068
604,551
604,581
610,83
610,89
610,573
610,1023
610,1366
610,1531
610,2249
611,261
611,572
611,802
611,1070
611,1071
611,1643
611,1875
611,1957
611,2254
614,125
614,1900
615,2048
615,2194
616,2048
616,2194
617,1043
617,2252
618,869
618,1403
619,61
619,158
619,1024
619,1071
619,1725
620,1725
621,229
621,303
623,83
623,89
623,144
623,261
623,273
623,500
623,572
623,589
623,1366
623,2249
624,261
624,572
624,802
624,1077
624,2254
625,150
625,1078
625,1079
625,1080
625,1081
626,730
626,1033
626,1082
626,1854
627,31
627,138
627,199
627,206
627,408
627,596
627,1025
627,1083
627,1085
627,1505
628,31
628,51
628,135
628,180
628,203
628,204
628,305
628,309
628,311
628,313
628,317
628,334
628,357
628,360
628,361
628,364
628,366
628,407
628,472
628,593
628,599
628,648
628,652
628,654
628,666
628,720
628,766
628,823
628,909
628,987
628,1021
628,1037
628,1086
628,1087
628,1088
628,1089
628,1499
628,1597
628,1864
628,1865
628,1907
628,2145
631,51
631,1941
633,1091
633,1092
633,1093
633,1216
633,2240
634,69
634,169
634,485
634,689
634,737
634,786
634,788
634,1045
634,1180
634,1181
634,1324
634,1325
634,1710
635,105
635,111
635,114
635,116
635,117
635,704
635,828
635,934
635,1369
635,1370
635,1371
635,1429
635,1430
635,1745
636,17
636,19
636,21
636,35
636,413
636,569
636,1098
636,1356
636,2203
637,833
637,1695
638,493
638,996
638,1051
638,1100
638,1101
638,1136
638,1695
638,2137
639,966
640,1
640,2167
640,2250
641,1
641,2167
641,2250
642,887
642,2005
643,887
643,2005
644,796
644,887
644,2005
645,887
645,2005
646,23
646,265
646,757
646,1102
647,17
647,21
647,35
647,413
647,558
647,1047
647,2203
648,508
649,11
649,730
649,733
649,1030
649,1033
649,1104
649,1313
649,1318
649,1419
649,1919
649,1974
649,1983
649,2008
650,17
650,21
650,35
650,84
650,413
650,558
650,1047
650,2203
652,666
652,1105
652,1106
652,1107
652,1108
652,1109
652,1110
653,730
653,1111
653,1112
653,1113
653,1114
653,1115
653,1116
653,1117
653,1118
653,1419
653,1537
653,2095
654,177
654,276
654,1120
654,1121
654,1375
654,1608
655,105
655,110
655,111
655,114
655,116
655,117
655,631
655,704
655,714
655,933
655,934
655,1022
655,1429
655,2212
656,84
656,85
656,91
656,825
658,177
658,1121
658,1123
658,1603
659,35
659,508
659,798
659,1125
659,1126
659,1646
659,2220
660,212
660,1127
661,579
661,1752
661,2240
662,579
662,1128
662,1752
662,2240
663,256
663,579
663,1128
663,1130
663,2240
665,579
665,1128
665,1752
665,2240
666,579
666,1128
666,1752
666,2029
666,2240
667,243
667,256
667,1130
668,255
668,462
668,1634
669,581
669,1131
673,302
673,349
673,370
673,430
673,470
673,631
673,686
673,914
673,954
673,1026
673,1039
673,1267
673,1303
673,1340
673,1464
673,2256
674,302
674,349
674,470
674,631
674,684
674,913
674,914
674,915
674,916
674,1133
674,1725
674,2256
676,82
676,1135
676,1526
677,320
677,785
677,903
677,1136
677,1138
677,1139
677,1140
677,1141
677,1142
677,1143
678,31
678,139
678,141
678,182
678,204
678,217
678,595
678,598
678,621
678,981
678,983
678,986
678,1086
678,1144
678,1145
678,1146
678,1147
678,1384
678,1596
678,1992
680,211
680,212
680,382
680,510
680,511
680,512
680,806
680,875
680,992
680,1057
680,1058
680,1127
680,1149
680,1150
680,1151
680,1152
680,1153
680,1154
680,1235
680,1511
680,1515
680,1595
680,1695
680,1885
680,1889
680,1930
680,2236
681,207
681,211
681,212
681,1056
681,1058
681,1155
681,1156
681,1157
681,1236
681,1693
682,1158
682,1159
682,1160
687,23
687,271
687,427
687,700
687,718
687,799
687,1719
687,1948
687,2247
688,1006
689,39
689,332
689,656
689,775
690,285
690,923
691,39
691,332
691,656
691,775
692,1163
692,1164
693,459
693,923
693,1247
694,459
694,923
694,1247
695,459
695,923
695,1247
696,229
696,230
696,459
696,663
696,874
696,923
696,1165
696,1167
696,1168
696,1169
696,1170
696,1247
698,459
698,923
698,1247
700,169
700,234
700,246
700,689
700,737
700,783
700,784
700,788
700,1045
700,1177
700,1178
700,1179
700,1180
700,1181
700,1324
700,1325
700,1326
700,1640
700,1710
700,1820
700,1821
701,169
701,233
701,795
702,169
702,485
702,795
702,1182
702,1183
704,37
704,169
704,485
704,1186
704,1187
704,1188
704,1190
704,1191
704,1505
705,966
706,121
706,374
706,923
706,1168
706,1193
706,1194
706,1311
706,1555
707,730
707,839
708,302
708,499
708,2256
709,302
709,430
709,1195
709,1869
709,2256
711,39
711,297
711,332
711,1011
711,1262
712,39
712,332
712,1011
712,1262
714,69
714,169
714,485
714,737
714,1178
714,1179
714,1324
714,1325
715,462
715,851
715,1199
715,1205
715,1752
715,2029
715,2240
716,154
716,250
716,1201
717,1203
718,566
718,1204
718,1205
719,61
719,158
719,162
719,1206
719,1886
720,1207
720,1208
720,1209
721,83
721,87
721,89
721,144
721,432
721,500
721,501
721,797
721,910
721,948
721,1023
721,1211
721,1212
721,1213
721,1214
721,1215
721,1216
721,1217
721,1366
721,1531
721,1782
721,1830
721,1862
721,2249
722,83
722,89
722,144
722,500
722,1217
722,1366
722,1830
725,51
725,1218
725,1219
725,2114
726,332
726,356
726,775
726,1220
726,1221
727,23
727,35
727,170
727,171
727,564
727,570
727,573
727,690
727,757
727,788
727,798
727,866
727,868
727,891
727,1380
727,1544
727,1699
727,2252
727,2253
730,265
730,422
730,1458
730,1759
731,280
731,282
731,508
731,1227
733,189
733,202
733,203
733,206
733,321
733,596
733,599
733,613
733,909
733,1036
734,229
734,316
734,380
734,1259
738,31
738,162
738,199
738,362
738,472
739,177
739,1121
739,1123
739,1375
739,1608
740,30
740,31
740,33
740,133
740,141
740,142
740,143
740,182
740,203
740,217
740,304
740,307
740,314
740,317
740,324
740,392
740,410
740,590
740,648
740,649
740,652
740,653
740,656
740,720
740,724
740,727
740,986
740,1025
740,1083
740,1218
740,1386
740,1601
740,1878
740,1914
740,2145
740,2146
742,139
742,332
742,336
742,371
742,677
742,775
742,982
742,1145
742,1361
742,1815
742,2114
743,317
743,379
743,380
743,454
743,665
743,726
743,727
743,1165
743,1602
743,1628
744,229
744,230
744,303
744,316
744,318
744,380
744,459
744,923
744,1232
744,1233
744,1247
744,1888
745,139
745,327
745,633
745,679
745,681
745,1361
745,1842
749,1329
749,1471
750,1329
750,1471
751,1329
751,1471
752,1329
752,1471
753,1329
753,1471
754,1329
754,1471
755,1329
755,1471
756,17
756,84
756,413
756,462
756,558
756,562
756,825
756,1098
756,1237
756,1287
756,2203
757,374
757,471
757,1662
758,109
758,1240
758,1241
758,1242
758,1666
759,109
759,1241
760,29
760,1245
760,1246
760,1247
760,1248
761,174
761,261
761,273
761,572
761,1214
761,1249
761,1531
761,1643
761,1875
761,2249
761,2254
762,712
762,1252
763,1253
763,1254
763,2258
764,104
764,114
764,508
764,1255
764,1256
764,1257
764,1698
766,229
766,230
766,318
766,379
766,1258
766,1259
766,1260
766,1945
767,332
767,1057
767,1146
767,1218
767,1262
767,2114
768,693
768,714
768,1263
768,1264
769,382
769,1127
769,1154
769,1885
770,31
770,129
770,302
770,471
770,599
770,684
770,1267
770,1464
770,1725
770,2256
772,1268
772,1269
773,39
773,332
773,1218
773,1262
774,39
774,332
774,1011
774,1262
775,233
775,235
775,689
775,691
775,714
775,757
775,1185
775,1271
775,1272
775,1273
775,1275
775,1276
775,1277
775,1324
775,1326
775,1710
775,1946
776,280
776,508
777,166
777,261
777,273
777,572
777,802
777,936
777,1012
777,1046
777,1071
777,1281
777,1282
777,1834
777,1955
777,1957
777,2254
779,1283
779,1284
781,83
781,89
781,144
781,500
781,695
781,747
781,1023
781,1366
782,83
782,573
782,1366
783,83
783,89
783,144
783,803
783,1366
784,83
784,573
785,83
785,89
785,144
785,573
785,1366
786,83
786,573
786,1366
787,83
787,500
788,83
788,573
788,1366
789,61
789,134
789,158
789,292
789,297
789,444
789,445
789,457
789,470
789,687
789,919
789,921
789,926
789,928
789,1039
789,1098
789,1218
789,1262
789,1285
789,1286
789,1287
789,1334
789,1389
789,1445
789,1518
789,1826
789,1888
789,1914
789,1945
790,296
790,297
790,332
790,336
790,356
790,370
790,373
790,524
790,775
790,915
790,1011
790,1220
790,1262
790,1941
790,2238
791,383
791,1127
791,1288
792,180
792,923
793,139
793,332
793,356
793,369
793,370
793,377
793,1011
793,1144
793,1289
793,1290
793,1291
793,1460
793,1583
793,2216
793,2219
794,371
794,373
794,457
794,1003
794,1262
794,1460
794,2219
796,1005
796,1006
796,1007
796,1008
796,1009
797,51
797,1363
797,1995
798,842
798,1294
798,1295
799,186
799,237
799,292
799,413
799,655
799,672
799,822
799,1297
799,1667
799,2121
799,2203
800,9
800,39
800,904
800,1030
800,1298
800,1299
800,1301
800,1317
800,1983
800,2007
800,2085
800,2099
801,369
801,485
801,631
801,686
801,775
801,1045
801,1046
801,1302
801,1303
801,1304
801,1305
801,1318
801,2238
802,122
802,468
802,940
802,990
802,1306
802,1307
804,29
804,1244
804,1308
805,29
805,1244
805,1308
806,29
806,1244
806,1308
807,479
807,730
807,1309
807,1310
807,2095
808,17
808,21
808,35
808,36
808,37
808,121
808,130
808,246
808,292
808,378
808,412
808,413
808,438
808,439
808,557
808,558
808,562
808,570
808,664
808,672
808,798
808,818
808,822
808,932
808,940
808,969
808,978
808,1047
808,1098
808,1190
808,1311
808,1356
808,1357
808,1454
808,1499
808,1555
808,1671
808,1785
808,1844
808,2089
808,2121
808,2136
808,2203
808,2212
808,2220
809,49
810,583
810,730
810,1033
810,1035
810,1073
810,1104
810,1312
810,1314
810,1971
810,1974
810,2095
811,9
811,878
811,1298
811,1315
811,1316
811,1317
811,1318
811,1319
811,1320
811,1845
811,2007
811,2085
813,169
813,783
813,785
813,1136
813,1177
813,1179
813,1180
813,1321
813,1325
813,1490
813,1710
813,1715
813,1821
813,2136
814,83
814,89
814,144
814,500
814,1023
814,1366
815,83
815,1366
816,17
816,19
816,21
816,35
816,36
816,37
816,81
816,84
816,121
816,271
816,412
816,413
816,438
816,557
816,558
816,569
816,932
816,965
816,969
816,970
816,979
816,1047
816,1098
816,1168
816,1190
816,1311
816,1322
816,1356
816,1462
816,1555
816,1671
816,1785
816,1844
816,2203
818,83
818,121
818,177
818,421
818,701
818,900
818,1363
818,1408
820,1329
820,1471
820,2084
821,1329
821,1471
821,2084
822,948
822,1328
822,1329
822,1471
822,2052
822,2084
824,1329
824,1471
824,2052
824,2084
825,7
825,9
825,11
825,12
825,71
825,878
825,905
825,1030
825,1073
825,1115
825,1298
825,1421
825,1750
825,1971
825,1983
825,2048
825,2057
825,2071
825,2194
825,2202
825,2231
826,573
826,1331
826,1332
826,1333
826,1334
826,1337
826,2262
828,1332
828,1333
829,1332
829,1333
830,1335
831,1335
832,1335
833,572
833,803
833,844
833,1336
833,1337
833,1338
834,158
834,162
834,342
834,928
834,1206
834,1563
834,1886
835,61
835,158
835,342
835,600
835,1781
835,1886
836,61
836,158
836,342
836,600
836,1781
836,1886
837,83
837,573
837,1023
837,1366
840,243
840,579
840,2240
841,243
841,579
841,1091
842,280
842,508
842,1646
843,1
843,2250
844,1
844,215
844,1489
844,2250
845,1
845,1489
845,2250
846,1
846,2250
847,44
847,114
847,118
847,122
847,485
847,1187
847,1307
847,1342
847,1343
847,1344
847,1345
847,1346
847,1347
847,1348
847,1349
848,89
848,1023
848,1351
848,1643
848,1875
848,2003
848,2249
848,2254
849,89
849,1643
849,1875
849,2254
851,51
851,299
851,766
851,1907
852,109
852,463
853,211
853,212
853,213
853,382
853,453
853,510
853,511
853,512
853,992
853,1055
853,1057
853,1148
853,1149
853,1151
853,1152
853,1235
853,1885
854,176
854,2254
855,74
855,76
855,78
855,390
855,992
855,993
855,1354
855,1355
859,212
859,356
859,382
859,453
859,1055
859,1148
859,1159
859,1889
859,1941
859,2156
859,2214
859,2237
862,21
862,35
862,553
862,869
862,919
862,1047
862,1356
862,1461
862,1555
863,21
863,35
863,413
863,557
863,558
863,940
863,1047
863,1098
863,1190
863,1357
863,1785
863,1844
864,229
864,303
864,487
864,488
864,923
864,1165
864,1358
864,1359
864,1566
865,302
865,2256
866,61
866,302
866,303
866,470
866,686
866,1360
867,229
867,303
867,1165
868,139
868,633
868,1144
868,1361
868,1362
868,1363
868,1995
869,83
869,797
869,957
869,1023
869,1365
869,1366
870,83
870,803
870,1366
871,109
871,1367
872,109
872,463
872,1367
872,1432
872,1434
873,13
873,1557
873,2048
873,2194
874,13
874,1557
875,13
875,1557
876,23
876,234
876,564
876,1102
876,1326
876,1380
876,1706
876,2000
877,111
877,113
877,114
877,116
877,117
877,197
877,464
877,693
877,704
877,714
877,933
877,934
877,1306
877,1368
877,1369
877,1370
877,1371
877,1429
877,1681
877,1835
879,22
879,62
879,461
879,1372
879,2088
880,22
880,62
880,461
880,1372
880,2088
881,89
881,144
881,422
881,493
881,573
881,701
881,819
881,821
881,1373
881,1375
881,1376
881,1377
881,1378
882,413
882,438
882,440
882,1912
882,2203
883,83
883,803
883,1366
885,70
885,74
885,1171
885,1379
893,23
893,757
893,790
893,1116
893,1380
893,1706
894,516
894,887
894,899
894,1100
894,1381
894,2005
895,22
895,62
895,461
895,1372
895,2088
896,35
896,508
896,953
896,1382
896,1383
896,1393
898,144
898,573
898,701
898,819
898,821
898,1373
898,1375
898,1376
898,1377
898,1378
899,302
899,430
899,470
899,631
899,686
899,914
899,1303
899,2256
900,302
900,470
900,631
900,2256
901,31
901,131
901,135
901,162
901,180
901,181
901,183
901,184
901,189
901,199
901,204
901,206
901,215
901,216
901,306
901,311
901,313
901,320
901,362
901,391
901,472
901,594
901,596
901,602
901,613
901,653
901,656
901,909
901,1025
901,1089
901,1145
901,1384
901,1386
901,1489
901,1504
901,1540
901,1597
901,1598
901,1599
901,1601
901,1764
901,1767
901,1865
901,1879
901,2145
901,2148
901,2167
902,229
902,316
903,1259
904,61
904,158
904,342
904,1781
904,1886
906,1387
906,1388
906,1389
908,508
908,1396
909,163
909,457
909,505
909,508
909,952
909,953
909,954
909,1390
909,1391
909,1393
909,1394
909,1395
909,1396
909,1646
909,2248
911,339
911,869
911,970
911,1397
911,1398
911,1399
911,1400
911,1403
911,1404
911,1405
911,1406
911,1407
911,1408
911,1409
911,1410
911,1411
911,1412
912,63
912,508
912,528
912,1555
912,2137
913,171
913,367
913,369
913,457
913,508
913,524
913,712
913,954
913,1003
913,1394
913,1413
913,1460
913,1672
916,1240
916,1415
916,1416
917,1329
917,1471
918,31
918,199
918,217
918,362
918,391
918,392
918,395
918,396
918,401
918,408
918,602
918,603
918,811
918,1145
918,1219
918,1915
918,2145
918,2147
919,31
919,199
919,602
921,109
922,83
922,89
922,174
922,261
922,572
922,573
922,957
922,1023
922,1366
922,2249
923,169
923,1184
923,1185
923,1326
923,1418
923,1844
923,2000
924,162
924,205
924,206
924,310
924,379
924,472
924,596
924,621
924,665
924,1560
924,1628
925,205
925,316
925,379
925,454
925,665
925,727
925,1560
925,1628
925,1945
926,730
926,1033
926,1419
926,1420
926,1421
927,2
927,641
927,990
927,1580
927,1914
927,1938
929,31
929,290
929,302
929,369
929,370
929,430
929,470
929,527
929,631
929,684
929,686
929,913
929,914
929,1026
929,1039
929,1267
929,1340
929,1424
929,1464
929,2256
930,31
930,302
930,369
930,470
930,684
930,686
930,1340
930,1424
930,1725
930,1808
930,2256
932,485
932,689
932,690
932,714
932,783
932,787
932,788
932,966
932,968
932,1273
932,1326
932,1425
932,1482
932,1710
932,1946
933,83
933,89
933,144
933,174
933,573
933,803
933,1023
933,1366
933,2249
934,229
934,459
934,923
934,1165
935,229
935,230
935,303
935,337
935,379
935,459
935,874
935,923
935,1165
935,1427
935,1945
936,174
936,177
936,276
936,1375
936,1608
936,1643
937,109
937,1428
937,1851
938,887
938,1049
938,2005
939,111
939,114
939,118
939,934
939,1429
939,1430
940,105
940,107
940,110
940,111
940,114
940,116
940,117
940,118
940,934
940,1022
940,1429
940,1681
941,105
941,107
941,110
941,111
941,114
941,116
941,117
941,118
941,934
941,1022
941,1429
941,1681
942,105
942,109
942,110
942,463
942,1022
942,1431
942,1432
942,1681
946,109
946,690
946,948
946,957
946,1256
946,1434
946,1435
946,1755
946,1870
947,957
947,958
950,162
950,472
950,742
950,920
950,1419
950,1436
950,1437
950,1439
950,1440
951,169
952,70
952,71
952,73
952,74
952,75
952,76
952,78
952,992
952,994
952,1379
952,1443
952,1444
952,1445
952,1446
952,1727
952,1728
953,122
953,990
953,1306
954,470
954,686
955,714
955,715
955,1449
955,1482
956,714
956,1450
957,866
957,1205
957,2240
959,17
959,20
959,21
959,35
959,121
959,246
959,292
959,413
959,557
959,558
959,899
959,977
959,978
959,1047
959,1193
959,1356
959,1454
959,2203
960,237
960,239
961,244
961,966
961,1456
961,1948
962,17
962,19
962,21
962,35
962,413
962,569
962,1047
962,2203
962,2220
964,265
964,422
964,1458
964,1759
965,139
965,332
965,336
965,369
965,371
965,373
965,457
965,775
965,1003
965,1459
965,1460
966,17
966,21
966,35
966,37
966,171
966,333
966,475
966,519
966,553
966,554
966,559
966,561
966,562
966,569
966,570
966,1047
966,1460
966,1461
966,1462
966,1463
966,2203
967,37
967,519
967,554
967,1461
967,1462
967,1463
968,2219
969,2
969,4
969,878
969,1315
969,1318
969,2085
970,33
970,131
970,134
970,138
970,140
970,141
970,178
970,202
970,217
970,362
970,399
970,408
970,602
970,604
970,647
970,1025
970,1085
970,1504
970,1599
970,1678
970,1879
970,1992
970,2046
970,2145
970,2147
971,3
971,4
971,7
971,878
971,2239
972,1469
972,2189
973,35
973,36
973,1785
973,2220
975,1329
975,1470
975,1471
976,1329
976,1471
977,1329
977,1471
978,1329
978,1471
979,1329
979,1471
982,271
982,1048
982,1476
982,1477
982,1478
982,1479
983,2
983,3
983,17
983,19
983,39
983,58
983,151
983,229
983,230
983,302
983,303
983,336
983,339
983,413
983,431
983,433
983,437
983,472
983,569
983,672
983,687
983,693
983,714
983,724
983,775
983,822
983,924
983,928
983,992
983,1285
983,1399
983,1480
983,1481
983,1482
983,1483
983,1484
983,1485
983,1486
983,1487
983,1489
983,1555
983,1782
983,1914
983,2075
983,2093
983,2119
983,2172
983,2203
983,2239
983,2253
983,2256
984,58
984,339
984,472
984,822
984,878
984,1073
984,1398
984,1482
984,1563
985,3
985,17
985,19
985,39
985,58
985,151
985,158
985,229
985,230
985,302
985,303
985,336
985,339
985,413
985,431
985,437
985,472
985,569
985,775
985,822
985,825
985,878
985,924
985,1073
985,1285
985,1480
985,1481
985,1482
985,1483
985,1484
985,1485
985,1486
985,1487
985,1489
985,1555
985,1782
985,2093
985,2203
986,83
986,1366
987,169
987,274
987,782
987,1490
987,1669
987,2223
988,691
988,692
988,693
988,714
988,934
988,1264
988,1429
988,1450
988,1491
988,1492
989,83
989,500
989,1366
990,83
990,89
990,166
990,261
990,271
990,272
990,273
990,572
990,573
990,1023
990,1366
990,1494
990,1718
990,1948
990,2249
990,2254
992,2
992,4
992,31
992,77
992,114
992,142
992,187
992,197
992,217
992,299
992,311
992,324
992,392
992,394
992,395
992,410
992,469
992,616
992,621
992,647
992,650
992,713
992,755
992,1001
992,1363
992,1446
992,1495
992,1496
992,1497
992,1499
992,1500
992,1501
992,1502
992,1503
992,1504
992,1505
992,1506
992,1509
992,1810
992,1878
992,1884
992,1914
992,1995
993,212
993,1056
993,1058
993,1508
993,1695
994,1509
994,1510
994,1511
995,755
995,1508
995,1695
997,212
997,804
997,1152
997,1157
997,1235
997,1236
997,1512
997,1513
997,1515
997,1516
997,1693
997,2236
998,212
998,804
998,1056
998,1058
998,1154
998,1235
998,1595
998,1695
999,235
999,508
999,787
999,966
999,1425
999,1521
999,1648
999,1946
1000,516
1000,1477
1000,1522
1000,1523
1000,1524
1000,1525
1000,1630
1001,1329
1001,1471
1002,169
1002,868
1003,773
1003,1135
1003,1526
1004,773
1004,1135
1004,1526
1005,69
1005,169
1006,114
1006,116
1006,117
1006,1370
1006,1477
1006,1478
1006,1522
1006,1630
1006,2163
1008,470
1008,686
1009,61
1009,158
1009,302
1009,1195
1009,1360
1009,2256
1010,39
1010,768
1010,775
1010,1262
1010,1702
1012,61
1012,158
1012,302
1012,1303
1012,1360
1012,2256
1017,35
1017,261
1017,273
1017,471
1017,572
1017,798
1017,802
1017,1098
1017,1125
1017,1357
1017,1530
1017,1531
1017,1532
1017,1538
1017,1643
1017,1646
1017,1875
1017,2254
1018,31
1018,138
1018,162
1018,178
1018,181
1018,189
1018,199
1018,204
1018,362
1018,395
1018,408
1018,472
1018,603
1018,613
1018,653
1018,654
1018,909
1018,1089
1018,1386
1018,1504
1018,1601
1018,1764
1018,1865
1018,2145
1018,2148
1019,31
1019,138
1019,162
1019,181
1019,199
1019,204
1019,408
1019,472
1019,603
1019,909
1019,1764
1020,229
1020,316
1020,337
1020,379
1020,380
1020,1165
1020,1259
1020,1945
1021,83
1021,1366
1022,334
1022,982
1022,1533
1022,1534
1022,1629
1022,1767
1024,20
1024,35
1024,261
1024,273
1024,508
1024,572
1024,1125
1024,1357
1024,1538
1024,1539
1024,1646
1025,189
1025,206
1025,596
1025,613
1025,1540
1025,1541
1027,43
1027,509
1027,1542
1027,1543
1028,509
1028,1185
1028,1542
1028,1544
1028,2141
1029,479
1029,836
1029,1091
1029,1545
1029,2095
1030,1546
1030,1548
1030,1550
1031,19
1031,20
1031,21
1031,36
1031,84
1031,121
1031,212
1031,413
1031,438
1031,439
1031,468
1031,519
1031,557
1031,558
1031,562
1031,570
1031,672
1031,818
1031,822
1031,825
1031,965
1031,970
1031,1047
1031,1057
1031,1098
1031,1190
1031,1193
1031,1311
1031,1357
1031,1454
1031,1462
1031,1499
1031,1551
1031,1555
1031,1844
1031,1948
1031,2136
1031,2203
1031,2220
1032,17
1032,19
1032,35
1032,413
1032,970
1032,1454
1032,1461
1032,1462
1032,1555
1032,2203
1033,229
1033,230
1033,318
1033,1158
1033,1159
1034,1329
1034,1471
1036,83
1036,89
1036,1023
1036,1366
1039,35
1039,557
1039,1454
1040,13
1040,1557
1042,229
1042,230
1042,337
1042,379
1042,380
1042,1259
1042,1561
1043,139
1043,328
1043,633
1043,1533
1044,337
1044,379
1044,380
1044,665
1044,727
1044,1560
1044,1628
1044,1945
1045,337
1045,379
1045,380
1045,665
1045,727
1045,1628
1045,1707
1048,488
1048,1359
1048,1566
1049,13
1049,1557
1050,174
1050,177
1050,262
1050,276
1050,1121
1050,1375
1050,1568
1050,1603
1051,956
1051,1341
1051,1570
1053,1643
1053,1875
1053,2254
1054,1634
1055,867
1055,956
1055,1520
1055,1870
1055,2251
1056,1574
1056,1669
1057,83
1057,803
1057,1366
1057,1408
1057,1531
1057,1829
1057,2003
1057,2254
1058,963
1058,1576
1058,1577
1059,803
1059,1579
1060,74
1060,77
1060,1580
1061,966
1062,206
1062,596
1062,1540
1062,1881
1064,139
1064,585
1064,983
1064,1144
1064,1218
1064,1582
1064,1583
1066,35
1066,1425
1066,1585
1066,1586
1066,1587
1066,1588
1066,1589
1066,1590
1066,1591
1066,1592
1066,1646
1067,35
1067,508
1069,114
1069,934
1069,1429
1069,2212
1071,246
1071,887
1071,895
1071,899
1071,1100
1071,1381
1071,2095
1075,887
1075,899
1075,1100
1075,1381
1075,2005
1076,169
1076,786
1076,990
1076,1321
1076,1710
1077,212
1077,382
1077,804
1077,1057
1077,1058
1077,1157
1077,1235
1077,1512
1077,1513
1077,1595
1077,1693
1077,1941
1077,2236
1078,31
1078,162
1078,183
1078,184
1078,189
1078,199
1078,215
1078,216
1078,217
1078,307
1078,311
1078,313
1078,314
1078,319
1078,320
1078,321
1078,408
1078,472
1078,599
1078,604
1078,605
1078,613
1078,655
1078,749
1078,909
1078,1036
1078,1089
1078,1143
1078,1386
1078,1489
1078,1596
1078,1597
1078,1598
1078,1599
1078,1600
1078,1601
1078,2167
1078,2187
1078,2264
1079,229
1079,316
1079,379
1079,380
1079,454
1079,665
1079,1560
1079,1602
1079,1628
1079,1945
1080,169
1080,233
1080,234
1080,235
1080,689
1080,795
1080,1184
1080,1185
1080,1276
1080,1326
1080,1710
1080,1820
1080,2000
1081,83
1081,573
1081,1023
1081,1366
1081,2249
1082,229
1082,459
1082,1165
1083,229
1083,303
1083,459
1083,1165
1084,302
1084,2256
1085,276
1085,1121
1085,1123
1085,1375
1085,1603
1086,110
1086,111
1086,114
1086,197
1086,464
1086,693
1086,704
1086,714
1086,933
1086,934
1086,1022
1086,1306
1086,1368
1086,1369
1086,1370
1086,1429
1086,1681
1086,1835
1088,225
1088,693
1088,714
1088,1264
1088,1450
1088,1492
1088,1544
1089,1181
1089,1608
1089,2139
1090,621
1090,898
1090,1497
1090,1500
1090,1501
1091,126
1091,474
1092,566
1092,568
1092,730
1092,1171
1093,17
1093,21
1093,35
1093,413
1093,1047
1093,2203
1093,2220
1094,485
1094,966
1094,968
1095,23
1095,564
1095,757
1095,968
1095,1256
1095,1380
1095,1612
1096,510
1096,511
1096,512
1096,1055
1098,1396
1098,1613
1099,785
1099,902
1099,903
1099,1136
1099,1321
1099,1614
1099,1715
1103,921
1103,1615
1103,1616
1103,1617
1103,1618
1103,1619
1103,1621
1103,1886
1104,921
1104,1615
1104,1616
1104,1617
1104,1618
1104,1619
1104,1621
1104,1886
1105,204
1105,302
1105,349
1105,916
1105,1267
1105,1340
1105,1546
1105,1725
1105,1808
1105,2256
1106,204
1106,349
1106,916
1106,1267
1106,1725
1106,2256
1107,35
1107,508
1107,1357
1107,1623
1108,114
1108,340
1108,698
1109,114
1109,122
1109,468
1109,1306
1109,1625
1110,1284
1111,51
1111,203
1111,321
1111,726
1111,1036
1111,1355
1111,1945
1112,1560
1112,1628
1112,1866
1112,1888
1112,1945
1116,1218
1116,1629
1117,1078
1117,1081
1117,1478
1117,1524
1117,1630
1117,1631
1117,2164
1118,568
1118,583
1118,731
1118,733
1118,735
1118,836
1118,838
1118,1028
1118,1032
1118,1033
1118,1082
1118,1314
1118,1919
1118,1971
1118,1974
1118,2014
1118,2095
1119,693
1119,714
1119,1263
1119,1264
1120,1632
1121,281
1121,693
1122,110
1122,111
1122,113
1122,114
1122,197
1122,464
1122,693
1122,704
1122,714
1122,933
1122,934
1122,1022
1122,1306
1122,1368
1122,1369
1122,1370
1122,1429
1122,1430
1122,1681
1122,1745
1122,1835
1124,17
1124,21
1124,36
1124,37
1124,130
1124,553
1124,557
1124,664
1124,798
1124,869
1124,965
1124,1047
1124,1098
1124,1190
1124,1356
1124,1635
1124,1785
1124,2121
1124,2220
1125,20
1125,35
1125,36
1125,1190
1125,1357
1125,2220
1126,36
1126,1635
1126,1785
1128,1638
1129,169
1129,485
1129,570
1129,737
1129,783
1129,784
1129,891
1129,1045
1129,1177
1129,1178
1129,1180
1129,1181
1129,1324
1129,1325
1129,1639
1129,1640
1129,1710
1129,1821
1130,203
1130,206
1130,320
1130,596
1130,605
1130,1143
1130,1598
1131,1750
1131,2007
1131,2194
1132,229
1132,303
1133,35
1133,1357
1133,1646
1134,700
1134,1407
1135,122
1135,990
1135,1306
1136,83
1136,89
1136,573
1136,1023
1136,1366
1136,1643
1136,1875
1137,389
1137,1644
1140,20
1140,35
1140,508
1140,1125
1140,1357
1140,1646
1141,229
1141,302
1141,303
1141,470
1141,686
1141,715
1142,23
1142,141
1142,742
1142,757
1142,796
1142,1380
1142,1425
1142,1612
1142,1647
1142,1648
1142,1660
1143,23
1143,141
1143,757
1143,796
1143,1380
1143,1425
1143,1612
1143,1647
1143,1648
1143,1660
1144,130
1144,179
1144,183
1144,186
1144,187
1144,205
1144,308
1144,364
1144,407
1144,437
1144,595
1144,666
1144,1650
1144,1652
1145,29
1145,585
1145,1245
1145,1246
1145,1653
1146,1284
1146,1654
1146,1655
1146,1656
1146,1657
1146,1658
1147,23
1147,141
1147,691
1147,742
1147,757
1147,1116
1147,1380
1147,1494
1147,1660
1147,1854
1148,23
1148,141
1148,757
1148,1660
1149,471
1149,1661
1149,1662
1150,1663
1150,1664
1150,1665
1151,1666
1151,1667
1152,22
1152,62
1153,22
1153,62
1154,22
1154,62
1155,1329
1155,1471
1155,2139
1156,31
1156,131
1156,134
1156,140
1156,199
1156,217
1156,391
1156,392
1156,602
1156,1025
1156,1599
1156,1678
1156,1862
1156,1879
1156,2147
1159,1668
1159,1669
1160,20
1160,21
1160,35
1160,84
1160,825
1160,919
1160,1047
1160,1311
1160,1671
1161,174
1161,276
1161,858
1161,1121
1161,1375
1161,1608
1162,1673
1163,37
1163,271
1163,1719
1164,767
1164,1674
1166,109
1166,463
1167,29
1168,1831
1169,105
1169,106
1169,110
1169,111
1169,934
1169,1429
1169,1681
1170,1683
1170,1831
1170,2052
1171,223
1171,544
1171,641
1171,693
1171,1817
1173,935
1173,1685
1174,223
1174,544
1174,641
1174,693
1174,1817
1176,84
1176,206
1176,596
1176,1688
1176,1689
1176,1690
1177,349
1177,471
1177,473
1177,599
1177,916
1179,29
1179,229
1179,317
1179,1692
1182,212
1182,1105
1182,1693
1183,29
1183,229
1183,317
1183,1692
1184,352
1184,983
1184,1144
1184,1218
1184,1332
1184,1363
1184,1503
1184,1588
1184,1694
1184,1695
1184,1940
1184,1995
1185,139
1185,317
1185,327
1185,633
1185,983
1185,1144
1185,1361
1185,1363
1185,1588
1185,1694
1185,1940
1185,1995
1186,983
1186,1144
1186,1218
1186,1363
1186,1694
1186,1940
1186,1995
1186,2186
1187,670
1187,1694
1187,1697
1187,2263
1188,1698
1189,125
1190,180
1190,261
1190,273
1190,572
1190,802
1190,803
1190,860
1191,82
1191,83
1191,89
1191,902
1191,903
1191,1136
1191,1366
1191,1408
1191,1829
1192,51
1192,356
1192,767
1192,770
1192,1701
1192,1702
1192,1703
1192,2156
1192,2237
1193,11
1193,47
1193,61
1193,79
1193,85
1193,213
1193,215
1193,299
1193,339
1193,412
1193,431
1193,433
1193,437
1193,439
1193,440
1193,441
1193,444
1193,484
1193,499
1193,501
1193,672
1193,798
1193,822
1193,882
1193,886
1193,888
1193,904
1193,924
1193,928
1193,992
1193,1030
1193,1039
1193,1098
1193,1118
1193,1167
1193,1287
1193,1303
1193,1315
1193,1317
1193,1445
1193,1480
1193,1485
1193,1487
1193,1489
1193,1563
1193,1706
1193,1728
1193,1782
1193,1954
1193,1983
1193,2075
1193,2085
1193,2115
1193,2117
1193,2119
1193,2121
1193,2129
1193,2167
1193,2203
1193,2239
1193,2253
1194,229
1194,303
1194,316
1194,379
1194,923
1194,1165
1194,1168
1194,1359
1194,1888
1194,1945
1196,23
1196,170
1196,171
1196,485
1196,570
1196,757
1196,868
1196,1043
1196,1380
1196,1699
1196,2252
1196,2253
1197,237
1197,239
1197,1902
1198,39
1198,246
1198,332
1198,895
1198,1043
1198,1708
1198,1709
1200,225
1200,427
1200,485
1200,692
1200,693
1200,714
1200,795
1200,1021
1200,1271
1200,1710
1200,1844
1201,427
1201,485
1201,714
1201,795
1201,1710
1202,1255
1202,1711
1202,1712
1202,1900
1203,246
1203,796
1203,840
1203,887
1203,1048
1203,1100
1203,1381
1203,1523
1203,1713
1203,1714
1203,1906
1204,225
1204,470
1204,686
1204,692
1204,693
1204,714
1204,715
1204,914
1204,966
1204,1026
1204,1450
1204,1482
1205,714
1205,715
1206,272
1206,1015
1207,2
1207,104
1207,114
1207,122
1207,902
1207,903
1207,1136
1207,1306
1207,1715
1208,1717
1209,280
1209,508
1209,1425
1210,1
1210,83
1210,167
1210,174
1210,261
1210,271
1210,272
1210,485
1210,572
1210,573
1210,575
1210,783
1210,844
1210,1334
1210,1337
1210,1366
1210,1494
1210,1718
1210,1719
1210,1721
1210,2254
1210,2262
1211,1722
1211,1724
1212,1725
1213,31
1213,179
1213,302
1213,471
1213,599
1213,1662
1213,1726
1213,2256
1216,70
1216,73
1216,74
1216,1727
1216,1728
1218,1
1218,1489
1218,2167
1218,2250
1219,1257
1219,1563
1219,1730
1220,866
1220,1706
1220,1731
1221,564
1221,866
1221,1205
1221,1485
1221,1734
1221,1735
1221,2252
1221,2253
1222,237
1222,1737
1222,1738
1224,237
1224,1739
1226,169
1226,233
1226,234
1226,1185
1226,1271
1226,1326
1226,1710
1226,2000
1227,237
1227,239
1227,1463
1227,1740
1228,237
1228,239
1228,312
1228,1463
1228,1740
1229,114
1229,116
1229,117
1229,197
1229,464
1229,704
1229,933
1229,934
1229,1306
1229,1368
1229,1369
1229,1429
1229,1430
1229,1681
1230,479
1230,730
1230,897
1230,1320
1231,83
1231,89
1231,144
1231,174
1231,261
1231,572
1231,573
1231,803
1231,1023
1231,1366
1231,1913
1231,2249
1232,111
1232,114
1232,197
1232,290
1232,693
1232,714
1232,933
1232,934
1232,1306
1232,1368
1232,1369
1232,1429
1232,1431
1232,1681
1232,1745
1232,2212
1234,2254
1235,1329
1235,1471
1236,334
1236,1218
1236,1767
1236,2114
1237,374
1237,376
1237,666
1237,669
1237,1746
1237,1747
1237,1748
1238,1750
1238,2072
1239,1520
1239,1751
1239,2201
1242,1
1242,215
1242,392
1242,720
1242,724
1242,749
1242,1089
1242,1219
1242,1489
1242,2167
1242,2250
1243,641
1243,990
1243,1600
1244,923
1244,1888
1246,169
1246,233
1246,234
1246,689
1246,795
1246,1185
1246,1271
1246,1324
1246,1326
1247,1755
1249,166
1249,803
1249,1071
1251,271
1251,1844
1251,1948
1252,158
1252,342
1252,1886
1253,125
1253,1276
1253,1900
1255,174
1255,177
1255,268
1255,276
1255,278
1255,279
1255,803
1255,1023
1255,1121
1255,1375
1255,1608
1256,114
1256,116
1256,117
1256,118
1256,934
1256,1429
1256,1762
1257,31
1257,179
1257,203
1257,204
1257,205
1257,391
1257,472
1257,595
1257,982
1257,984
1257,1142
1257,1143
1257,1764
1257,1765
1257,1766
1257,1767
1257,1768
1257,2256
1258,302
1258,303
1258,470
1258,631
1258,684
1258,686
1258,913
1258,914
1258,2256
1259,1769
1263,51
1263,1772
1264,39
1264,51
1264,52
1264,332
1264,767
1264,770
1264,1240
1264,1773
1264,1774
1264,1775
1266,39
1266,52
1266,356
1266,446
1266,766
1266,767
1266,1773
1266,1778
1266,1779
1267,61
1267,158
1267,1781
1267,1886
1269,177
1269,821
1269,1123
1269,1783
1269,1784
1270,17
1270,35
1270,413
1270,1785
1270,2203
1271,1329
1271,1471
1272,77
1272,1497
1272,1501
1273,109
1273,463
1274,169
1274,485
1274,689
1274,737
1274,783
1274,784
1274,786
1274,788
1274,1178
1274,1180
1274,1181
1274,1324
1274,1325
1274,1639
1274,1640
1274,1710
1274,1821
1275,1786
1276,280
1276,508
1276,1646
1277,1608
1278,25
1278,784
1278,1789
1278,1847
1279,139
1279,585
1279,633
1279,635
1279,1144
1279,1363
1279,1790
1279,1791
1279,1940
1279,1995
1279,2106
1279,2185
1280,111
1280,112
1280,116
1280,117
1280,1793
1280,1794
1280,1795
1280,1796
1282,177
1282,276
1282,803
1282,1375
1283,1329
1283,1471
1285,111
1285,948
1285,1215
1285,1690
1285,1797
1285,1798
1285,2052
1287,26
1287,1215
1287,1216
1287,1800
1291,223
1291,910
1291,1550
1291,1801
1291,1803
1291,1804
1291,1817
1294,1805
1299,229
1299,302
1299,303
1299,2256
1300,1808
1300,2256
1301,1808
1301,2256
1302,229
1302,303
1302,1808
1302,2256
1304,1269
1305,1810
1306,31
1306,33
1306,51
1306,182
1306,203
1306,217
1306,408
1306,986
1306,1083
1306,1218
1306,1219
1307,17
1307,21
1307,413
1307,585
1307,1047
1307,1311
1308,951
1308,1811
1308,1812
1308,1814
1311,1269
1311,1816
1313,1817
1314,83
1314,89
1314,797
1314,1249
1314,1366
1316,208
1316,1819
1318,1295
1319,23
1319,234
1319,485
1319,1102
1319,1178
1319,1184
1319,1256
1319,1326
1319,1380
1319,1418
1319,1706
1319,1820
1319,1821
1319,1822
1319,2000
1320,902
1320,903
1320,1136
1320,1614
1321,730
1321,1111
1321,1115
1322,272
1322,1015
1322,1494
1323,31
1323,162
1323,199
1323,472
1323,909
1324,321
1324,1143
1324,1597
1324,1826
1324,2264
1325,51
1325,203
1325,398
1325,1580
1325,1738
1325,1827
1326,83
1326,89
1326,144
1326,145
1326,501
1326,888
1326,1023
1326,1217
1326,1285
1326,1366
1326,1829
1326,1830
1326,1831
1326,2249
1327,261
1327,273
1327,572
1327,1833
1327,1834
1328,1
1328,215
1328,304
1328,392
1328,651
1328,653
1328,656
1328,724
1328,2167
1328,2250
1331,479
1332,114
1332,116
1332,117
1332,118
1332,1835
1332,1836
1333,1769
1338,2
1338,4
1338,19
1338,413
1338,438
1338,1826
1338,2203
1338,2239
1339,84
1339,85
1339,825
1340,17
1340,19
1340,84
1340,413
1340,623
1340,825
1340,828
1340,2203
1341,229
1341,318
1341,1888
1342,229
1342,318
1342,1888
1348,206
1348,596
1350,206
1350,596
1351,30
1351,33
1351,131
1351,143
1351,178
1351,188
1351,189
1351,191
1351,217
1351,306
1351,320
1351,334
1351,362
1351,392
1351,395
1351,401
1351,596
1351,599
1351,613
1351,615
1351,648
1351,649
1351,651
1351,652
1351,655
1351,720
1351,724
1351,823
1351,830
1351,983
1351,984
1351,985
1351,986
1351,1025
1351,1139
1351,1219
1351,1386
1351,1504
1351,1541
1351,1599
1351,1601
1351,1738
1351,1765
1351,1767
1351,1841
1351,1842
1351,1881
1351,1902
1351,1914
1351,1915
1351,2145
1351,2187
1356,271
1356,1844
1356,1948
1357,730
1357,878
1357,1111
1357,1114
1357,1115
1357,1845
1357,1846
1357,1971
1358,280
1358,1227
1359,38
1359,39
1359,292
1359,296
1359,299
1359,332
1359,336
1359,356
1359,530
1359,760
1359,775
1359,1011
1359,1220
1359,1221
1359,1518
1359,1779
1359,2115
1359,2238
1359,2239
1361,82
1361,784
1361,1789
1361,1847
1362,493
1362,897
1362,1709
1362,2033
1362,2095
1363,82
1365,21
1365,35
1365,1043
1365,1047
1366,51
1366,448
1366,1849
1366,1850
1367,1851
1368,182
1368,616
1368,1384
1368,1599
1368,1852
1368,1853
1369,83
1369,573
1369,1366
1370,966
1371,12
1371,730
1371,1116
1371,1419
1371,1854
1371,1855
1371,1856
1372,13
1372,1557
1372,2048
1372,2194
1373,21
1373,1193
1373,1311
1373,1356
1374,82
1374,1366
1374,1386
1375,453
1375,510
1375,511
1375,512
1375,1057
1375,1148
1375,1154
1375,1235
1375,1858
1375,1885
1376,453
1376,510
1376,511
1376,512
1376,1057
1376,1148
1376,1154
1376,1235
1376,1858
1376,1859
1376,1889
1377,61
1377,928
1377,1860
1378,212
1378,805
1378,1235
1379,492
1379,1861
1379,2166
1379,2198
1380,1861
1381,30
1381,31
1381,51
1381,186
1381,299
1381,308
1381,321
1381,365
1381,397
1381,650
1381,654
1381,655
1381,656
1381,713
1381,724
1381,909
1381,1036
1381,1037
1381,1038
1381,1143
1381,1373
1381,1495
1381,1499
1381,1862
1381,1863
1381,1864
1381,1865
1381,1866
1382,229
1382,316
1382,379
1382,1866
1383,229
1383,316
1383,379
1383,1945
1385,27
1385,158
1385,162
1385,342
1385,472
1385,600
1385,928
1385,1781
1385,1869
1385,1886
1387,689
1387,1734
1387,1870
1387,2201
1388,23
1388,280
1388,1521
1388,1872
1392,479
1392,834
1392,891
1393,152
1393,701
1393,1643
1393,1875
1394,121
1394,122
1394,469
1394,641
1394,652
1394,1306
1394,1877
1394,1878
1394,1879
1394,1880
1394,1881
1394,1882
1395,31
1395,138
1395,199
1395,408
1396,22
1396,62
1396,461
1396,1372
1396,2088
1397,22
1397,62
1397,461
1397,1372
1397,2088
1398,22
1398,62
1398,461
1398,1372
1399,77
1399,197
1399,311
1399,621
1399,755
1399,1001
1399,1497
1399,1499
1399,1508
1399,1509
1399,1884
1401,212
1401,1058
1402,382
1402,807
1402,1055
1402,1885
1403,27
1403,162
1403,342
1403,1886
1404,794
1404,869
1404,1098
1404,1256
1404,1398
1404,1403
1404,1887
1406,317
1406,379
1406,1888
1406,1945
1408,35
1408,37
1408,271
1408,1454
1408,1948
1409,17
1409,413
1409,1555
1409,2203
1410,1889
1411,553
1411,561
1411,869
1411,1403
1411,1890
1412,785
1412,902
1412,1136
1412,1614
1414,23
1414,271
1414,564
1414,757
1414,1179
1414,1380
1414,1706
1414,1719
1414,1721
1414,1844
1414,1891
1415,83
1415,144
1415,1366
1416,17
1416,20
1416,35
1416,468
1416,798
1416,868
1416,940
1416,970
1416,1047
1416,1098
1416,1125
1416,1237
1416,1306
1416,1357
1416,1551
1416,1646
1416,1877
1416,2220
1417,64
1417,150
1417,516
1417,898
1417,1080
1417,2143
1418,568
1418,2095
1419,22
1419,62
1419,461
1419,1372
1419,2088
1420,51
1420,52
1420,299
1420,772
1420,1006
1420,1009
1420,1773
1420,1892
1420,1893
1422,333
1422,348
1422,349
1422,444
1422,470
1422,773
1422,1098
1422,1895
1422,2175
1423,292
1423,296
1423,333
1423,348
1423,528
1423,677
1423,1221
1423,2238
1426,233
1426,485
1426,714
1426,795
1427,49
1427,1899
1428,1010
1428,1256
1428,1711
1428,1900
1430,118
1430,990
1430,1306
1430,1835
1431,425
1431,1643
1431,1875
1431,2254
1433,206
1433,596
1433,599
1433,652
1433,1902
1435,169
1436,873
1436,1904
1437,663
1437,1905
1439,342
1439,1886
1443,516
1443,1906
1443,2005
1444,39
1444,332
1444,766
1444,1907
1445,261
1445,273
1445,572
1445,936
1445,1012
1445,1071
1446,1909
1446,1910
1446,1911
1446,2141
1447,46
1447,47
1447,48
1447,49
1447,50
1447,293
1447,527
1447,759
1447,1912
1447,2117
1448,83
1448,89
1448,174
1448,573
1448,1023
1448,1366
1448,1913
1448,2249
1449,178
1449,182
1449,215
1449,217
1449,304
1449,362
1449,391
1449,392
1449,395
1449,396
1449,401
1449,598
1449,603
1449,610
1449,647
1449,713
1449,811
1449,812
1449,813
1449,985
1449,986
1449,1025
1449,1085
1449,1145
1449,1219
1449,1506
1449,1678
1449,1826
1449,1878
1449,1914
1449,1915
1449,2100
1449,2146
1449,2147
1452,280
1452,508
1452,1227
1452,1917
1453,169
1453,485
1453,737
1453,783
1453,788
1453,1324
1453,1490
1453,1639
1453,1710
1453,1821
1454,55
1454,83
1454,166
1454,167
1454,168
1454,272
1454,1000
1454,1002
1454,1366
1454,1494
1454,1844
1454,2003
1454,2254
1456,1329
1456,1471
1458,583
1458,730
1458,1030
1458,1310
1458,1314
1458,1919
1458,2095
1459,422
1459,799
1459,803
1460,1634
1460,1920
1460,1921
1460,1922
1460,2072
1463,696
1463,867
1463,1066
1463,1920
1463,1923
1463,2182
1464,956
1464,1066
1464,1634
1464,1924
1464,2251
1465,421
1465,422
1465,423
1465,1634
1465,1773
1465,1926
1465,1927
1465,1928
1465,2251
1467,858
1467,1378
1467,1608
1467,1634
1467,1740
1467,1928
1467,1929
1467,2029
1468,212
1468,213
1468,1149
1468,1151
1468,1152
1468,1155
1468,1159
1468,1235
1468,1930
1468,1931
1468,1932
1468,1933
1469,803
1469,1070
1469,2249
1471,204
1471,302
1471,1267
1471,1725
1471,2256
1472,204
1472,302
1472,1267
1472,1725
1472,1808
1472,2256
1473,61
1473,158
1473,1360
1473,1781
1474,966
1475,13
1475,92
1475,1557
1476,1068
1476,1938
1476,1939
1476,2074
1477,139
1477,372
1477,585
1477,633
1477,637
1477,1363
1477,1940
1477,1941
1477,1995
1478,139
1478,372
1478,585
1478,633
1478,637
1478,1363
1478,1695
1478,1940
1478,1941
1478,1995
1481,233
1481,234
1481,235
1481,1184
1482,81
1482,479
1482,709
1482,882
1482,1309
1482,1947
1483,271
1483,1844
1483,1948
1484,271
1484,1948
1485,868
1485,966
1486,966
1488,1216
1497,568
1497,975
1497,1171
1497,1175
1499,126
1499,1949
1499,2213
1507,886
1507,1950
1510,1951
1510,1952
1510,1953
1510,1954
1510,1955
1510,1956
1510,1957
1511,1951
1511,1952
1511,1953
1511,1954
1511,1955
1511,1956
1511,1957
1511,2050
1512,1951
1512,1952
1512,1953
1512,1954
1512,1955
1512,1956
1512,1957
1512,2050
1513,416
1513,480
1513,531
1513,533
1513,539
1513,1387
1513,1958
1513,1959
1515,83
1515,1366
1520,39
1520,296
1520,332
1520,530
1520,1073
1520,1961
1536,1956
1537,155
1564,2
1564,4
1564,292
1564,440
1564,672
1564,822
1564,886
1564,1167
1564,1537
1564,1563
1564,1964
1564,1965
1564,1966
1564,2083
1564,2119
1564,2203
1565,1
1565,1967
1565,1968
1565,2250
1568,886
1568,1950
1568,1965
1574,51
1577,425
1577,426
1577,427
1577,428
1578,264
1578,566
1578,583
1578,730
1578,1033
1578,1111
1578,1115
1578,1171
1578,1359
1578,1919
1578,1971
1578,1973
1578,2095
1578,2173
1582,83
1582,89
1582,144
1582,1023
1582,1366
1582,2248
1582,2249
1582,2254
1584,733
1584,1030
1584,1073
1584,1104
1584,1974
1584,1975
1584,1983
1584,2008
1584,2016
1584,2202
1599,22
1599,62
1599,461
1600,22
1600,62
1600,461
1600,1372
1600,2088
1601,493
1601,494
1601,514
1601,515
1601,518
1601,1699
1601,1900
1612,9
1612,551
1612,875
1612,904
1612,1030
1612,1983
1612,2007
1612,2085
1617,839
1617,1977
1618,39
1618,448
1618,529
1618,530
1641,936
1641,1012
1641,1071
1642,1981
1642,2042
1645,441
1645,484
1645,501
1645,583
1645,730
1645,904
1645,1030
1645,1073
1645,1317
1645,1420
1645,1982
1645,1983
1645,1984
1645,1986
1645,2036
1645,2085
1645,2099
1645,2239
1647,1988
1647,1989
1647,1990
1647,1991
1647,1992
1647,1993
1647,1995
1647,1996
1647,1997
1647,2185
1653,493
1653,1998
1653,1999
1653,2039
1654,493
1654,1998
1654,1999
1663,30
1663,31
1663,51
1663,114
1663,135
1663,178
1663,179
1663,180
1663,181
1663,186
1663,199
1663,204
1663,299
1663,357
1663,391
1663,408
1663,472
1663,593
1663,594
1663,595
1663,599
1663,600
1663,720
1663,749
1663,823
1663,909
1663,985
1663,1764
1663,1865
1663,2145
1664,51
1664,130
1664,134
1664,142
1664,178
1664,180
1664,182
1664,187
1664,307
1664,312
1664,314
1664,334
1664,362
1664,391
1664,394
1664,395
1664,397
1664,401
1664,408
1664,594
1664,599
1664,650
1664,666
1664,983
1664,984
1664,985
1664,986
1664,987
1664,1085
1664,1219
1664,1601
1664,1738
1664,1765
1664,1767
1664,1810
1664,1858
1664,1862
1664,1878
1664,1902
1664,1915
1664,2145
1664,2146
1673,104
1673,271
1673,794
1673,869
1673,1614
1673,2001
1673,2002
1673,2003
1674,2004
1674,2030
1677,603
1683,730
1683,878
1683,1031
1683,1033
1683,1505
1683,2007
1683,2014
1683,2016
1683,2036
1683,2095
1687,10
1687,82
1687,339
1687,433
1687,441
1687,484
1687,501
1687,583
1687,672
1687,730
1687,731
1687,822
1687,836
1687,882
1687,884
1687,904
1687,1030
1687,1031
1687,1073
1687,1167
1687,1310
1687,1315
1687,1409
1687,1419
1687,1480
1687,1563
1687,1919
1687,1947
1687,1954
1687,1982
1687,1983
1687,2085
1687,2095
1687,2098
1687,2115
1687,2119
1687,2203
1687,2239
1690,141
1690,878
1690,904
1690,1030
1690,1073
1690,1315
1690,1983
1690,2085
1692,802
1692,936
1692,1071
1692,2018
1692,2019
1692,2254
1695,12
1695,1030
1695,1035
1695,1312
1695,1420
1695,1856
1696,906
1696,908
1696,912
1699,887
1701,61
1701,84
1701,158
1701,215
1701,332
1701,444
1701,470
1701,499
1701,631
1701,647
1701,693
1701,724
1701,798
1701,920
1701,921
1701,928
1701,1213
1701,1285
1701,1315
1701,1334
1701,1355
1701,1489
1701,1506
1701,1846
1701,1854
1701,1953
1701,2085
1701,2092
1701,2119
1701,2147
1701,2167
1701,2203
1709,26
1709,545
1709,1215
1709,1216
1715,360
1715,1087
1715,2022
1715,2048
1716,360
1716,2022
1717,360
1717,1087
1717,2022
1717,2048
1718,126
1718,360
1718,1087
1718,2022
1718,2261
1729,583
1729,730
1729,731
1729,735
1729,836
1729,882
1729,884
1729,904
1729,905
1729,1028
1729,1030
1729,1031
1729,1033
1729,1312
1729,1313
1729,1947
1729,1971
1729,1982
1729,1983
1729,2014
1729,2085
1729,2095
1737,93
1737,121
1737,246
1737,493
1737,895
1737,1048
1737,1051
1737,1080
1737,1714
1738,39
1744,13
1744,1557
1744,2026
1746,261
1746,572
1746,802
1746,1070
1746,1071
1746,1643
1746,1875
1746,2254
1750,583
1750,730
1750,905
1750,1031
1750,2095
1752,568
1752,730
1752,882
1752,904
1752,1031
1752,1032
1752,1073
1752,1312
1752,1313
1752,2095
1754,1091
1754,1093
1754,1216
1754,1316
1754,2028
1754,2029
1754,2240
1755,1091
1755,1093
1755,1216
1755,2028
1755,2029
1755,2240
1760,150
1760,2030
1760,2143
1773,730
1773,796
1773,840
1773,996
1773,1051
1773,1100
1773,1713
1773,2005
1773,2095
1776,1396
1777,887
1778,887
1782,730
1782,2033
1782,2095
1784,2004
1784,2030
1784,2143
1785,150
1785,155
1785,2030
1788,46
1788,47
1788,48
1788,49
1788,50
1788,293
1788,527
1788,759
1788,1912
1788,2035
1792,7
1792,291
1792,604
1792,875
1792,1316
1792,1557
1796,10
1796,878
1796,1983
1796,2036
1797,2037
1797,2038
1803,568
1803,730
1803,1032
1803,1082
1803,1175
1803,1176
1803,1314
1803,1971
1803,2016
1803,2057
1803,2081
1803,2202
1803,2231
1805,795
1805,1271
1805,1276
1808,177
1808,276
1808,1121
1808,1375
1808,1608
1810,493
1810,776
1810,2039
1810,2042
1814,220
1814,2042
1817,83
1817,89
1817,144
1817,1023
1817,1366
1834,2040
1836,229
1836,1165
1836,1218
1836,2114
1837,345
1840,875
1840,1912
1840,2207
1841,493
1841,2041
1841,2042
1844,583
1844,730
1844,731
1844,1031
1844,1033
1844,1082
1844,1312
1844,1971
1844,1974
1844,2095
1862,493
1862,2043
1862,2044
1872,126
1872,1949
1872,2046
1884,2071
1888,2048
1891,2017
1891,2210
1892,2050
1894,1956
1894,2051
1895,2022
1895,2199
1906,1314
1906,2057
1906,2058
1906,2060
1909,2061
1913,17
1913,413
1913,558
1914,1098
1914,2063
1914,2065
1914,2066
1918,1144
1918,1363
1918,1505
1918,1588
1918,1694
1918,1995
1928,527
1928,2071
1928,2072
1928,2073
1928,2074
1928,2075
1929,924
1929,1557
1929,2074
1944,2071
1983,158
1983,342
1983,1886
2003,1329
2003,1471
2003,2052
2003,2084
2005,1329
2005,1471
2005,2084
2006,1329
2006,1471
2006,2084
2007,1329
2007,1471
2007,2084
2008,1329
2008,1471
2008,2084
2016,2077
2027,2078
2027,2079
2027,2080
2032,568
2032,730
2032,731
2032,1032
2032,1171
2032,2081
2035,243
2035,579
2035,1092
2040,51
2040,760
2040,1316
2040,2083
2051,280
2051,508
2053,21
2053,35
2053,521
2053,557
2053,558
2053,818
2053,919
2053,1047
2053,1098
2053,1311
2053,1356
2053,1555
2059,878
2059,2085
2061,887
2061,2005
2063,730
2063,2095
2067,604
2067,2086
2069,220
2069,730
2069,776
2069,1998
2069,2043
2069,2095
2071,516
2071,839
2071,895
2076,887
2076,2005
2080,1181
2080,1329
2080,1471
2084,882
2084,2072
2084,2073
2084,2089
2091,46
2091,47
2091,527
2108,229
2108,303
2109,125
2109,1900
2114,31
2114,141
2114,217
2114,396
2114,413
2114,2092
2114,2093
2117,13
2117,1557
2117,2094
2125,492
2125,516
2125,730
2125,839
2125,887
2125,891
2125,895
2125,899
2125,1100
2125,1115
2125,1381
2125,1470
2125,1713
2125,1971
2125,2095
2126,516
2126,730
2126,887
2126,1608
2126,2005
2126,2095
2126,2096
2126,2097
2127,583
2127,730
2127,882
2127,884
2127,1312
2127,1421
2127,2095
2127,2098
2127,2099
2128,2100
2129,2101
2130,493
2130,1378
2130,1470
2130,2039
2130,2042
2130,2103
2136,2
2136,11
2136,19
2136,413
2136,438
2136,439
2136,440
2136,441
2136,484
2136,672
2136,730
2136,822
2136,878
2136,904
2136,1030
2136,1031
2136,1035
2136,1073
2136,1167
2136,1171
2136,1315
2136,1419
2136,1671
2136,1779
2136,1947
2136,1983
2136,2016
2136,2083
2136,2085
2136,2095
2136,2115
2136,2119
2136,2121
2136,2203
2136,2238
2145,1091
2145,1216
2157,208
2157,762
2157,1819
2157,2105
2158,109
2158,2107
2159,730
2159,1031
2159,1032
2159,1082
2159,1967
2161,2108
2161,2109
2165,886
2165,1537
2165,2119
2183,61
2183,158
2183,1781
2186,939
2186,1563
2186,1730
2219,878
2219,1298
2219,2007
2225,206
2225,310
2225,321
2225,596
2225,1036
2225,1142
2225,2187
2227,887
2227,2005
2229,494
2229,935
2229,1580
2229,2124
2229,2125
2229,2126
2229,2127
2230,46
2230,47
2230,2128
2232,158
2232,1303
2232,2129
2257,2131
2257,2132
2259,1750
2259,2007
2259,2194
2260,1033
2260,1919
2260,2133
2263,320
2263,1046
2263,1140
2263,2136
2263,2137
2271,83
2271,89
2271,1366
2271,1643
2271,1875
2276,229
2276,303
2276,941
2276,1133
2276,1245
2279,1953
2285,151
2285,332
2285,336
2285,760
2285,1011
2285,1153
2285,1518
2286,73
2286,74
2286,1504
2288,223
2288,935
2288,1208
2290,31
2290,399
2290,2144
2290,2145
2290,2146
2290,2147
2290,2148
2292,471
2292,2149
2292,2150
2292,2151
2294,1951
2295,935
2300,39
2300,332
2300,2154
2300,2156
2301,2157
2307,1561
2307,2159
2307,2161
2311,923
2311,930
2311,1247
2311,1560
2311,1628
2311,1707
2311,1888
2322,493
2322,776
2322,2039
2322,2166
2323,31
2323,399
2323,2144
2323,2148
2324,146
2324,2168
2326,2022
2326,2199
2327,2169
2331,2017
2331,2210
2332,158
2332,2171
2332,2172
2333,264
2333,1929
2333,2173
2333,2174
2333,2175
2340,1216
2340,1667
2340,2176
2340,2177
2340,2179
2340,2180
2340,2181
2342,493
2342,776
2347,81
2351,13
2351,1557
2352,13
2352,1557
2354,10
2354,441
2354,501
2354,672
2354,1033
2354,1073
2354,1563
2354,1965
2354,1982
2354,1983
2356,265
2356,422
2356,1458
2356,1759
2358,280
2358,281
2358,282
2358,1227
2358,2184
2360,61
2360,158
2362,767
2366,61
2366,158
2366,1781
2366,1886
2367,81
2367,479
2367,1782
2379,110
2379,934
2379,1429
2381,29
2381,941
2381,2157
2382,26
2382,545
2382,1216
2384,2258
2386,158
2386,1360
2389,334
2389,982
2389,983
2389,984
2389,1145
2391,951
2391,1811
2391,1812
2398,935
2398,2190
2399,2177
2399,2191
2399,2192
2414,178
2414,217
2414,596
2414,599
2414,830
2414,1841
2414,1842
2424,2048
2424,2194
2429,492
2429,1847
2429,2095
2429,2166
2429,2196
2429,2197
2429,2198
2430,492
2430,2198
2432,2022
2442,169
2442,233
2443,583
2443,730
2443,1031
2443,1975
2443,2095
2443,2202
2449,22
2449,62
2449,461
2449,1372
2449,2088
2450,33
2450,392
2451,413
2451,1671
2451,2203
2466,878
2466,904
2466,2204
2473,493
2473,516
2473,776
2473,839
2473,895
2485,1912
2485,2207
2486,83
2486,1366
2489,1916
2491,264
2491,1929
2491,2208
2492,189
2492,613
2492,2169
2493,544
2498,10
2498,730
2498,878
2498,882
2498,904
2498,905
2498,1028
2498,1030
2498,1035
2498,1073
2498,1315
2498,1317
2498,1919
2498,1983
2498,2081
2498,2085
2498,2098
2523,2212
2524,126
2524,2213
2525,39
2525,2156
2525,2214
2525,2216
2528,233
2528,795
2528,2000
2536,633
2536,1144
2536,1361
2536,1503
2536,1505
2536,1588
2536,1990
2536,1992
2536,1995
2540,1772
2540,2057
2546,749
2546,2115
2549,573
2549,844
2549,1331
2549,1334
2549,2228
2549,2229
2549,2230
2549,2262
2550,767
2550,1674
2550,2057
2550,2231
2551,125
2551,530
2551,867
2551,1634
2553,332
2553,336
2553,369
2553,775
2553,1240
2553,1242
2553,1893
2553,1926
2553,2225
2553,2233
2553,2234
2553,2238
2557,289
2561,39
2561,356
2561,443
2561,448
2561,2237
2563,38
2563,39
2563,332
2563,336
2563,443
2563,446
2563,448
2563,529
2563,1011
2563,1304
2563,2238
2564,39
2564,443
2564,448
2564,529
2572,382
2572,510
2572,511
2572,512
2572,513
2572,807
2572,809
2572,1058
2572,1127
2572,1153
2572,1235
2572,1512
2572,1518
2572,1695
2572,1885
2572,1941
2573,2
2573,177
2573,278
2573,369
2573,641
2573,1121
2573,1375
2573,2141
2575,244
2575,898
2575,2033
2575,2095
2575,2239
2575,2240
2575,2241
2577,241
2577,420
2577,462
2581,2156
2581,2237
2582,209
2582,212
2582,356
2582,382
2582,453
2582,775
2582,1055
2582,1148
2582,1149
2582,1235
2582,1695
2582,1858
2582,1889
2584,1242
2584,2225
2585,250
2585,332
2585,676
2585,775
2585,1144
2585,1361
2586,2225
2586,2246
2588,714
2588,1492
2590,271
2590,369
2590,494
2590,514
2590,517
2590,914
2590,1026
2590,1820
2611,280
2611,1227
2611,2184
2614,730
2614,733
2614,762
2614,905
2614,1028
2614,1030
2614,1033
2614,1035
2614,1073
2614,1104
2614,1420
2614,1971
2623,261
2623,572
2623,802
2623,936
2623,1071
2623,2254
2625,1240
2626,244
2626,479
2626,839
2626,1782
2627,146
2628,924
2630,730
2630,1035
2630,1111
2630,1115
2630,1312
2630,1971
2633,1211
2636,2017
2636,2210
2646,220
2646,493
2646,776
2646,2197
2646,2198
2647,169
2647,1916
2648,197
2648,464
2649,784
2652,105
2652,107
2652,110
2652,113
2652,114
2652,116
2652,117
2652,118
2652,1430
2652,1431
2652,1794
2656,17
2656,35
2656,121
2656,413
2656,2203
2670,2074
2670,2094
2681,146
2681,420
2681,462
2684,114
2684,116
2684,117
2684,464
2685,17
2685,21
2685,35
2685,558
2685,1047
2685,1356
2685,2203
2689,17
2689,20
2689,35
2689,121
2689,557
2692,89
2692,144
2692,1927
2692,2074
2692,2225
2692,2254
2699,29
2700,29
2700,2157
2701,29
2701,1308
2702,462
2704,83
2704,1366
2707,508
2707,1396
2708,470
2708,686
2709,775
2709,1262
2711,1262
2728,114
2728,116
2728,117
2728,934
2728,1371
2728,1429
2735,581
2741,105
2741,114
2741,197
2741,464
2741,933
2741,934
2741,1306
2741,1369
2741,1370
2741,1371
2741,1429
2741,1430
2741,1681
2741,1745
2741,1835
2742,715
2743,462
2743,551
2743,1209
2743,1923
2745,382
2745,1159
2745,1160
2746,382
2746,806
2747,332
2747,676
2747,775
2747,982
2747,1144
2747,1145
2747,1361
2747,1363
2747,1534
2747,1694
2747,1940
2747,1990
2747,1992
2747,2114
2748,337
2748,379
2749,49
2749,303
2749,488
2749,874
2749,923
2749,1168
2749,1427
2749,1566
2750,302
2750,2256
2751,302
2751,349
2751,499
2751,2256
2752,628
2752,667
2752,1747
2753,158
2754,212
2754,453
2754,510
2754,511
2754,512
2754,513
2754,806
2754,1056
2754,1057
2754,1058
2754,1157
2754,1235
2754,1511
2754,1518
2754,1520
2754,1695
2754,1858
2754,1859
2754,1941
2755,17
2755,457
2755,554
2755,1286
2755,1356
2755,1709
2756,229
2756,318
2756,1888
2756,1945
2757,444
2757,686
2759,146
2759,420
2760,641
2761,255
2761,462
2761,1067
2762,510
2762,511
2762,512
2762,513
2762,807
2762,1148
2763,81
2763,244
2763,479
2764,244
2764,535
2765,135
2765,596
2765,599
2766,1522
2766,1630
2767,244
2767,535
2768,553
2768,869
2768,1227
2768,1887
2768,1890
2768,1917
2770,109
2771,169
2772,1380
2773,1329
2773,1471
2773,2084
2775,109
2775,1428
2775,2107
2776,1329
2777,82
2778,261
2778,279
2778,572
2778,802
2778,803
2778,860
2779,61
2779,158
2779,342
2779,1886
2780,1750
2781,109
2781,463
2781,1432
2782,29
2783,303
2783,459
2783,1165
2784,1329
2784,1471
2784,2084
2786,342
2786,1886
2787,413
2787,555
2787,557
2787,558
2788,551
2788,581
2789,22
2789,62
2789,461
2789,1372
2790,146
2790,2168
2791,29
2791,586
2791,941
2791,1246
2791,2157
2793,666
2793,1105
2793,1106
2793,1107
2793,1108
2793,1109
2794,241
2794,420
2795,1789
2796,797
2796,1023
2796,1249
2796,2249
2797,241
2797,420
2798,82
2799,1329
2799,1471
2800,233
2800,234
2801,510
2802,479
2802,492
2802,838
2802,899
2802,1101
2802,1713
2803,244
2803,245
2803,248
2803,418
2803,539
2805,233
2806,1793
2807,1750
2809,22
2809,62
2809,461
2809,1372
2809,2088
2810,333
2810,457
2810,712
2810,1003
2810,1460
2811,1080
2811,1476
2811,1478
2812,1329
2812,1471
2813,292
2813,433
2813,882
2813,2228
2813,2239
2814,83
2814,1366
2815,1750
2816,1847
2817,39
2817,330
2817,332
2817,333
2817,336
2817,356
2817,371
2817,510
2817,513
2817,631
2817,1220
2817,1290
2817,1304
2817,1779
2818,105
2818,110
2818,538
2818,641
2818,692
2819,58
2819,1024
2819,1678
2820,1614
2821,186
2821,313
2821,321
2821,365
2821,544
2828,629
2828,759
